ID,Labels,Carr's Ginger Lemon Cremes,Dayplus Banana,Dayplus Red Bean,Fruit Tea Yuzu Mixed Juice Drink,Marigold Peel Fresh Pink Guava Juice,McVitie's Digestive,McVitie's Ginger Cookies,McVitie's Wholewheat Marie,Mocha,Pringles Original, ShoyueMi Spicy Flavoured Snacks,Star Tidbits 'O' Ring,Star Tidbits Mixer,Sunkist Orange Juice Drink, Sunshine Belgium Chocolate Wholemeal Cream Bun,Thai Milk Tea,Tinges Roll Chocolate,Tinges Roll Sweet Corn
20200102_130404.jpg,[Carr's Ginger Lemon Cremes],1,0,0,0,0,0,0,0,0,0,0,0,0,0,0,0,0,0
20200102_130406.jpg,[Carr's Ginger Lemon Cremes],1,0,0,0,0,0,0,0,0,0,0,0,0,0,0,0,0,0
20200102_130408.jpg,[Carr's Ginger Lemon Cremes],1,0,0,0,0,0,0,0,0,0,0,0,0,0,0,0,0,0
20200102_130411.jpg,[Carr's Ginger Lemon Cremes],1,0,0,0,0,0,0,0,0,0,0,0,0,0,0,0,0,0
20200102_130413.jpg,[Carr's Ginger Lemon Cremes],1,0,0,0,0,0,0,0,0,0,0,0,0,0,0,0,0,0
20200102_130415.jpg,[Carr's Ginger Lemon Cremes],1,0,0,0,0,0,0,0,0,0,0,0,0,0,0,0,0,0
20200102_130417.jpg,[Carr's Ginger Lemon Cremes],1,0,0,0,0,0,0,0,0,0,0,0,0,0,0,0,0,0
20200102_130419.jpg,[Carr's Ginger Lemon Cremes],1,0,0,0,0,0,0,0,0,0,0,0,0,0,0,0,0,0
20200102_130421.jpg,[Carr's Ginger Lemon Cremes],1,0,0,0,0,0,0,0,0,0,0,0,0,0,0,0,0,0
20200102_130423.jpg,[Carr's Ginger Lemon Cremes],1,0,0,0,0,0,0,0,0,0,0,0,0,0,0,0,0,0
20200102_130425.jpg,[Carr's Ginger Lemon Cremes],1,0,0,0,0,0,0,0,0,0,0,0,0,0,0,0,0,0
20200102_130428.jpg,[Carr's Ginger Lemon Cremes],1,0,0,0,0,0,0,0,0,0,0,0,0,0,0,0,0,0
20200102_130430.jpg,[Carr's Ginger Lemon Cremes],1,0,0,0,0,0,0,0,0,0,0,0,0,0,0,0,0,0
20200102_130432.jpg,[Carr's Ginger Lemon Cremes],1,0,0,0,0,0,0,0,0,0,0,0,0,0,0,0,0,0
20200102_130434.jpg,[Carr's Ginger Lemon Cremes],1,0,0,0,0,0,0,0,0,0,0,0,0,0,0,0,0,0
20200102_130436.jpg,[Carr's Ginger Lemon Cremes],1,0,0,0,0,0,0,0,0,0,0,0,0,0,0,0,0,0
20200102_130438.jpg,[Carr's Ginger Lemon Cremes],1,0,0,0,0,0,0,0,0,0,0,0,0,0,0,0,0,0
20200102_130440.jpg,[Carr's Ginger Lemon Cremes],1,0,0,0,0,0,0,0,0,0,0,0,0,0,0,0,0,0
20200102_130442.jpg,[Carr's Ginger Lemon Cremes],1,0,0,0,0,0,0,0,0,0,0,0,0,0,0,0,0,0
20200102_130445.jpg,[Carr's Ginger Lemon Cremes],1,0,0,0,0,0,0,0,0,0,0,0,0,0,0,0,0,0
20200102_130446.jpg,[Carr's Ginger Lemon Cremes],1,0,0,0,0,0,0,0,0,0,0,0,0,0,0,0,0,0
20200102_130448.jpg,[Carr's Ginger Lemon Cremes],1,0,0,0,0,0,0,0,0,0,0,0,0,0,0,0,0,0
20200102_130450.jpg,[Carr's Ginger Lemon Cremes],1,0,0,0,0,0,0,0,0,0,0,0,0,0,0,0,0,0
20200102_130452.jpg,[Carr's Ginger Lemon Cremes],1,0,0,0,0,0,0,0,0,0,0,0,0,0,0,0,0,0
20200102_130454.jpg,[Carr's Ginger Lemon Cremes],1,0,0,0,0,0,0,0,0,0,0,0,0,0,0,0,0,0
20200102_130456.jpg,[Carr's Ginger Lemon Cremes],1,0,0,0,0,0,0,0,0,0,0,0,0,0,0,0,0,0
20200102_130534.jpg,[Carr's Ginger Lemon Cremes],1,0,0,0,0,0,0,0,0,0,0,0,0,0,0,0,0,0
20200102_130536.jpg,[Carr's Ginger Lemon Cremes],1,0,0,0,0,0,0,0,0,0,0,0,0,0,0,0,0,0
20200102_130538.jpg,[Carr's Ginger Lemon Cremes],1,0,0,0,0,0,0,0,0,0,0,0,0,0,0,0,0,0
20200102_130540.jpg,[Carr's Ginger Lemon Cremes],1,0,0,0,0,0,0,0,0,0,0,0,0,0,0,0,0,0
20200102_130542.jpg,[Carr's Ginger Lemon Cremes],1,0,0,0,0,0,0,0,0,0,0,0,0,0,0,0,0,0
20200102_130544.jpg,[Carr's Ginger Lemon Cremes],1,0,0,0,0,0,0,0,0,0,0,0,0,0,0,0,0,0
20200102_130545.jpg,[Carr's Ginger Lemon Cremes],1,0,0,0,0,0,0,0,0,0,0,0,0,0,0,0,0,0
20200102_130547.jpg,[Carr's Ginger Lemon Cremes],1,0,0,0,0,0,0,0,0,0,0,0,0,0,0,0,0,0
20200102_130549.jpg,[Carr's Ginger Lemon Cremes],1,0,0,0,0,0,0,0,0,0,0,0,0,0,0,0,0,0
20200102_130551.jpg,[Carr's Ginger Lemon Cremes],1,0,0,0,0,0,0,0,0,0,0,0,0,0,0,0,0,0
20200102_130558.jpg,[Carr's Ginger Lemon Cremes],1,0,0,0,0,0,0,0,0,0,0,0,0,0,0,0,0,0
20200102_130601.jpg,[Carr's Ginger Lemon Cremes],1,0,0,0,0,0,0,0,0,0,0,0,0,0,0,0,0,0
20200102_130604.jpg,[Carr's Ginger Lemon Cremes],1,0,0,0,0,0,0,0,0,0,0,0,0,0,0,0,0,0
20200102_130607.jpg,[Carr's Ginger Lemon Cremes],1,0,0,0,0,0,0,0,0,0,0,0,0,0,0,0,0,0
20200102_130609.jpg,[Carr's Ginger Lemon Cremes],1,0,0,0,0,0,0,0,0,0,0,0,0,0,0,0,0,0
20200102_130614.jpg,[Carr's Ginger Lemon Cremes],1,0,0,0,0,0,0,0,0,0,0,0,0,0,0,0,0,0
20200102_130617.jpg,[Carr's Ginger Lemon Cremes],1,0,0,0,0,0,0,0,0,0,0,0,0,0,0,0,0,0
20200102_130619.jpg,[Carr's Ginger Lemon Cremes],1,0,0,0,0,0,0,0,0,0,0,0,0,0,0,0,0,0
20200102_130623_014.jpg,[Carr's Ginger Lemon Cremes],1,0,0,0,0,0,0,0,0,0,0,0,0,0,0,0,0,0
20200102_130641.jpg,[Carr's Ginger Lemon Cremes],1,0,0,0,0,0,0,0,0,0,0,0,0,0,0,0,0,0
20200102_130645.jpg,[Carr's Ginger Lemon Cremes],1,0,0,0,0,0,0,0,0,0,0,0,0,0,0,0,0,0
20200102_130648.jpg,[Carr's Ginger Lemon Cremes],1,0,0,0,0,0,0,0,0,0,0,0,0,0,0,0,0,0
20200102_130652.jpg,[Carr's Ginger Lemon Cremes],1,0,0,0,0,0,0,0,0,0,0,0,0,0,0,0,0,0
20200102_130657.jpg,[Carr's Ginger Lemon Cremes],1,0,0,0,0,0,0,0,0,0,0,0,0,0,0,0,0,0
20200102_130700.jpg,[Carr's Ginger Lemon Cremes],1,0,0,0,0,0,0,0,0,0,0,0,0,0,0,0,0,0
20200102_130702.jpg,[Carr's Ginger Lemon Cremes],1,0,0,0,0,0,0,0,0,0,0,0,0,0,0,0,0,0
20200102_130705.jpg,[Carr's Ginger Lemon Cremes],1,0,0,0,0,0,0,0,0,0,0,0,0,0,0,0,0,0
20200102_130707.jpg,[Carr's Ginger Lemon Cremes],1,0,0,0,0,0,0,0,0,0,0,0,0,0,0,0,0,0
20200102_130709.jpg,[Carr's Ginger Lemon Cremes],1,0,0,0,0,0,0,0,0,0,0,0,0,0,0,0,0,0
20200102_130711.jpg,[Carr's Ginger Lemon Cremes],1,0,0,0,0,0,0,0,0,0,0,0,0,0,0,0,0,0
20200102_130714.jpg,[Carr's Ginger Lemon Cremes],1,0,0,0,0,0,0,0,0,0,0,0,0,0,0,0,0,0
20200102_130717.jpg,[Carr's Ginger Lemon Cremes],1,0,0,0,0,0,0,0,0,0,0,0,0,0,0,0,0,0
20200102_130720.jpg,[Carr's Ginger Lemon Cremes],1,0,0,0,0,0,0,0,0,0,0,0,0,0,0,0,0,0
20200102_130722.jpg,[Carr's Ginger Lemon Cremes],1,0,0,0,0,0,0,0,0,0,0,0,0,0,0,0,0,0
20200102_130725.jpg,[Carr's Ginger Lemon Cremes],1,0,0,0,0,0,0,0,0,0,0,0,0,0,0,0,0,0
20200102_130729.jpg,[Carr's Ginger Lemon Cremes],1,0,0,0,0,0,0,0,0,0,0,0,0,0,0,0,0,0
20200102_130732.jpg,[Carr's Ginger Lemon Cremes],1,0,0,0,0,0,0,0,0,0,0,0,0,0,0,0,0,0
20200102_130735.jpg,[Carr's Ginger Lemon Cremes],1,0,0,0,0,0,0,0,0,0,0,0,0,0,0,0,0,0
20200102_130738.jpg,[Carr's Ginger Lemon Cremes],1,0,0,0,0,0,0,0,0,0,0,0,0,0,0,0,0,0
20200102_130741.jpg,[Carr's Ginger Lemon Cremes],1,0,0,0,0,0,0,0,0,0,0,0,0,0,0,0,0,0
20200102_130744.jpg,[Carr's Ginger Lemon Cremes],1,0,0,0,0,0,0,0,0,0,0,0,0,0,0,0,0,0
20200102_130747.jpg,[Carr's Ginger Lemon Cremes],1,0,0,0,0,0,0,0,0,0,0,0,0,0,0,0,0,0
20200102_130750.jpg,[Carr's Ginger Lemon Cremes],1,0,0,0,0,0,0,0,0,0,0,0,0,0,0,0,0,0
20200102_130753.jpg,[Carr's Ginger Lemon Cremes],1,0,0,0,0,0,0,0,0,0,0,0,0,0,0,0,0,0
20200102_130756.jpg,[Carr's Ginger Lemon Cremes],1,0,0,0,0,0,0,0,0,0,0,0,0,0,0,0,0,0
20200102_130806.jpg,[Dayplus Banana],0,1,0,0,0,0,0,0,0,0,0,0,0,0,0,0,0,0
20200102_130808.jpg,[Dayplus Banana],0,1,0,0,0,0,0,0,0,0,0,0,0,0,0,0,0,0
20200102_130811.jpg,[Dayplus Banana],0,1,0,0,0,0,0,0,0,0,0,0,0,0,0,0,0,0
20200102_130813.jpg,[Dayplus Banana],0,1,0,0,0,0,0,0,0,0,0,0,0,0,0,0,0,0
20200102_130816.jpg,[Dayplus Banana],0,1,0,0,0,0,0,0,0,0,0,0,0,0,0,0,0,0
20200102_130818.jpg,[Dayplus Banana],0,1,0,0,0,0,0,0,0,0,0,0,0,0,0,0,0,0
20200102_130820.jpg,[Dayplus Banana],0,1,0,0,0,0,0,0,0,0,0,0,0,0,0,0,0,0
20200102_130823.jpg,[Dayplus Banana],0,1,0,0,0,0,0,0,0,0,0,0,0,0,0,0,0,0
20200102_130826.jpg,[Dayplus Banana],0,1,0,0,0,0,0,0,0,0,0,0,0,0,0,0,0,0
20200102_130828.jpg,[Dayplus Banana],0,1,0,0,0,0,0,0,0,0,0,0,0,0,0,0,0,0
20200102_130831.jpg,[Dayplus Banana],0,1,0,0,0,0,0,0,0,0,0,0,0,0,0,0,0,0
20200102_130833.jpg,[Dayplus Banana],0,1,0,0,0,0,0,0,0,0,0,0,0,0,0,0,0,0
20200102_130846.jpg,[Dayplus Banana],0,1,0,0,0,0,0,0,0,0,0,0,0,0,0,0,0,0
20200102_130849.jpg,[Dayplus Banana],0,1,0,0,0,0,0,0,0,0,0,0,0,0,0,0,0,0
20200102_130852.jpg,[Dayplus Banana],0,1,0,0,0,0,0,0,0,0,0,0,0,0,0,0,0,0
20200102_130856.jpg,[Dayplus Banana],0,1,0,0,0,0,0,0,0,0,0,0,0,0,0,0,0,0
20200102_130859.jpg,[Dayplus Banana],0,1,0,0,0,0,0,0,0,0,0,0,0,0,0,0,0,0
20200102_130902.jpg,[Dayplus Banana],0,1,0,0,0,0,0,0,0,0,0,0,0,0,0,0,0,0
20200102_130905.jpg,[Dayplus Banana],0,1,0,0,0,0,0,0,0,0,0,0,0,0,0,0,0,0
20200102_130910_001.jpg,[Dayplus Banana],0,1,0,0,0,0,0,0,0,0,0,0,0,0,0,0,0,0
20200102_130913.jpg,[Dayplus Banana],0,1,0,0,0,0,0,0,0,0,0,0,0,0,0,0,0,0
20200102_130918.jpg,[Dayplus Banana],0,1,0,0,0,0,0,0,0,0,0,0,0,0,0,0,0,0
20200102_130921.jpg,[Dayplus Banana],0,1,0,0,0,0,0,0,0,0,0,0,0,0,0,0,0,0
20200102_130925.jpg,[Dayplus Banana],0,1,0,0,0,0,0,0,0,0,0,0,0,0,0,0,0,0
20200102_130928.jpg,[Dayplus Banana],0,1,0,0,0,0,0,0,0,0,0,0,0,0,0,0,0,0
20200102_130932.jpg,[Dayplus Banana],0,1,0,0,0,0,0,0,0,0,0,0,0,0,0,0,0,0
20200102_130935.jpg,[Dayplus Banana],0,1,0,0,0,0,0,0,0,0,0,0,0,0,0,0,0,0
20200102_130938.jpg,[Dayplus Banana],0,1,0,0,0,0,0,0,0,0,0,0,0,0,0,0,0,0
20200102_130941.jpg,[Dayplus Banana],0,1,0,0,0,0,0,0,0,0,0,0,0,0,0,0,0,0
20200102_130944.jpg,[Dayplus Banana],0,1,0,0,0,0,0,0,0,0,0,0,0,0,0,0,0,0
20200102_130947.jpg,[Dayplus Banana],0,1,0,0,0,0,0,0,0,0,0,0,0,0,0,0,0,0
20200102_130952.jpg,[Dayplus Banana],0,1,0,0,0,0,0,0,0,0,0,0,0,0,0,0,0,0
20200102_130955.jpg,[Dayplus Banana],0,1,0,0,0,0,0,0,0,0,0,0,0,0,0,0,0,0
20200102_130959.jpg,[Dayplus Banana],0,1,0,0,0,0,0,0,0,0,0,0,0,0,0,0,0,0
20200102_131002.jpg,[Dayplus Banana],0,1,0,0,0,0,0,0,0,0,0,0,0,0,0,0,0,0
20200102_131006.jpg,[Dayplus Banana],0,1,0,0,0,0,0,0,0,0,0,0,0,0,0,0,0,0
20200102_131009.jpg,[Dayplus Banana],0,1,0,0,0,0,0,0,0,0,0,0,0,0,0,0,0,0
20200102_131011.jpg,[Dayplus Banana],0,1,0,0,0,0,0,0,0,0,0,0,0,0,0,0,0,0
20200102_131014.jpg,[Dayplus Banana],0,1,0,0,0,0,0,0,0,0,0,0,0,0,0,0,0,0
20200102_131016.jpg,[Dayplus Banana],0,1,0,0,0,0,0,0,0,0,0,0,0,0,0,0,0,0
20200102_131023.jpg,[Dayplus Banana],0,1,0,0,0,0,0,0,0,0,0,0,0,0,0,0,0,0
20200102_131248.jpg,[Dayplus Red Bean],0,0,1,0,0,0,0,0,0,0,0,0,0,0,0,0,0,0
20200102_131251.jpg,[Dayplus Red Bean],0,0,1,0,0,0,0,0,0,0,0,0,0,0,0,0,0,0
20200102_131253.jpg,[Dayplus Red Bean],0,0,1,0,0,0,0,0,0,0,0,0,0,0,0,0,0,0
20200102_131255.jpg,[Dayplus Red Bean],0,0,1,0,0,0,0,0,0,0,0,0,0,0,0,0,0,0
20200102_131259.jpg,[Dayplus Red Bean],0,0,1,0,0,0,0,0,0,0,0,0,0,0,0,0,0,0
20200102_131302.jpg,[Dayplus Red Bean],0,0,1,0,0,0,0,0,0,0,0,0,0,0,0,0,0,0
20200102_131305.jpg,[Dayplus Red Bean],0,0,1,0,0,0,0,0,0,0,0,0,0,0,0,0,0,0
20200102_131309.jpg,[Dayplus Red Bean],0,0,1,0,0,0,0,0,0,0,0,0,0,0,0,0,0,0
20200102_131312.jpg,[Dayplus Red Bean],0,0,1,0,0,0,0,0,0,0,0,0,0,0,0,0,0,0
20200102_131315.jpg,[Dayplus Red Bean],0,0,1,0,0,0,0,0,0,0,0,0,0,0,0,0,0,0
20200102_131318.jpg,[Dayplus Red Bean],0,0,1,0,0,0,0,0,0,0,0,0,0,0,0,0,0,0
20200102_131320.jpg,[Dayplus Red Bean],0,0,1,0,0,0,0,0,0,0,0,0,0,0,0,0,0,0
20200102_131323.jpg,[Dayplus Red Bean],0,0,1,0,0,0,0,0,0,0,0,0,0,0,0,0,0,0
20200102_131325.jpg,[Dayplus Red Bean],0,0,1,0,0,0,0,0,0,0,0,0,0,0,0,0,0,0
20200102_131328.jpg,[Dayplus Red Bean],0,0,1,0,0,0,0,0,0,0,0,0,0,0,0,0,0,0
20200102_131333.jpg,[Dayplus Red Bean],0,0,1,0,0,0,0,0,0,0,0,0,0,0,0,0,0,0
20200102_131336.jpg,[Dayplus Red Bean],0,0,1,0,0,0,0,0,0,0,0,0,0,0,0,0,0,0
20200102_131339.jpg,[Dayplus Red Bean],0,0,1,0,0,0,0,0,0,0,0,0,0,0,0,0,0,0
20200102_131341.jpg,[Dayplus Red Bean],0,0,1,0,0,0,0,0,0,0,0,0,0,0,0,0,0,0
20200102_131345.jpg,[Dayplus Red Bean],0,0,1,0,0,0,0,0,0,0,0,0,0,0,0,0,0,0
20200102_131348.jpg,[Dayplus Red Bean],0,0,1,0,0,0,0,0,0,0,0,0,0,0,0,0,0,0
20200102_131350.jpg,[Dayplus Red Bean],0,0,1,0,0,0,0,0,0,0,0,0,0,0,0,0,0,0
20200102_131353.jpg,[Dayplus Red Bean],0,0,1,0,0,0,0,0,0,0,0,0,0,0,0,0,0,0
20200102_131355.jpg,[Dayplus Red Bean],0,0,1,0,0,0,0,0,0,0,0,0,0,0,0,0,0,0
20200102_131357.jpg,[Dayplus Red Bean],0,0,1,0,0,0,0,0,0,0,0,0,0,0,0,0,0,0
20200102_131400.jpg,[Dayplus Red Bean],0,0,1,0,0,0,0,0,0,0,0,0,0,0,0,0,0,0
20200102_131402.jpg,[Dayplus Red Bean],0,0,1,0,0,0,0,0,0,0,0,0,0,0,0,0,0,0
20200102_131405.jpg,[Dayplus Red Bean],0,0,1,0,0,0,0,0,0,0,0,0,0,0,0,0,0,0
20200102_131408.jpg,[Dayplus Red Bean],0,0,1,0,0,0,0,0,0,0,0,0,0,0,0,0,0,0
20200102_131410.jpg,[Dayplus Red Bean],0,0,1,0,0,0,0,0,0,0,0,0,0,0,0,0,0,0
20200102_131412.jpg,[Dayplus Red Bean],0,0,1,0,0,0,0,0,0,0,0,0,0,0,0,0,0,0
20200102_131414.jpg,[Dayplus Red Bean],0,0,1,0,0,0,0,0,0,0,0,0,0,0,0,0,0,0
20200102_131417.jpg,[Dayplus Red Bean],0,0,1,0,0,0,0,0,0,0,0,0,0,0,0,0,0,0
20200102_131420.jpg,[Dayplus Red Bean],0,0,1,0,0,0,0,0,0,0,0,0,0,0,0,0,0,0
20200102_131424.jpg,[Dayplus Red Bean],0,0,1,0,0,0,0,0,0,0,0,0,0,0,0,0,0,0
20200102_131427.jpg,[Dayplus Red Bean],0,0,1,0,0,0,0,0,0,0,0,0,0,0,0,0,0,0
20200102_131430.jpg,[Dayplus Red Bean],0,0,1,0,0,0,0,0,0,0,0,0,0,0,0,0,0,0
20200102_131433.jpg,[Dayplus Red Bean],0,0,1,0,0,0,0,0,0,0,0,0,0,0,0,0,0,0
20200102_131436.jpg,[Dayplus Red Bean],0,0,1,0,0,0,0,0,0,0,0,0,0,0,0,0,0,0
20200102_131440.jpg,[Dayplus Red Bean],0,0,1,0,0,0,0,0,0,0,0,0,0,0,0,0,0,0
20200102_124007.jpg,[Fruit Tea Yuzu Mixed Juice Drink],0,0,0,1,0,0,0,0,0,0,0,0,0,0,0,0,0,0
20200102_124011.jpg,[Fruit Tea Yuzu Mixed Juice Drink],0,0,0,1,0,0,0,0,0,0,0,0,0,0,0,0,0,0
20200102_124013.jpg,[Fruit Tea Yuzu Mixed Juice Drink],0,0,0,1,0,0,0,0,0,0,0,0,0,0,0,0,0,0
20200102_124019.jpg,[Fruit Tea Yuzu Mixed Juice Drink],0,0,0,1,0,0,0,0,0,0,0,0,0,0,0,0,0,0
20200102_124028.jpg,[Fruit Tea Yuzu Mixed Juice Drink],0,0,0,1,0,0,0,0,0,0,0,0,0,0,0,0,0,0
20200102_124031.jpg,[Fruit Tea Yuzu Mixed Juice Drink],0,0,0,1,0,0,0,0,0,0,0,0,0,0,0,0,0,0
20200102_124034.jpg,[Fruit Tea Yuzu Mixed Juice Drink],0,0,0,1,0,0,0,0,0,0,0,0,0,0,0,0,0,0
20200102_124041.jpg,[Fruit Tea Yuzu Mixed Juice Drink],0,0,0,1,0,0,0,0,0,0,0,0,0,0,0,0,0,0
20200102_124043.jpg,[Fruit Tea Yuzu Mixed Juice Drink],0,0,0,1,0,0,0,0,0,0,0,0,0,0,0,0,0,0
20200102_124048.jpg,[Fruit Tea Yuzu Mixed Juice Drink],0,0,0,1,0,0,0,0,0,0,0,0,0,0,0,0,0,0
20200102_124052.jpg,[Fruit Tea Yuzu Mixed Juice Drink],0,0,0,1,0,0,0,0,0,0,0,0,0,0,0,0,0,0
20200102_124056.jpg,[Fruit Tea Yuzu Mixed Juice Drink],0,0,0,1,0,0,0,0,0,0,0,0,0,0,0,0,0,0
20200102_124103.jpg,[Fruit Tea Yuzu Mixed Juice Drink],0,0,0,1,0,0,0,0,0,0,0,0,0,0,0,0,0,0
20200102_124349.jpg,[Fruit Tea Yuzu Mixed Juice Drink],0,0,0,1,0,0,0,0,0,0,0,0,0,0,0,0,0,0
20200102_124351.jpg,[Fruit Tea Yuzu Mixed Juice Drink],0,0,0,1,0,0,0,0,0,0,0,0,0,0,0,0,0,0
20200102_124352.jpg,[Fruit Tea Yuzu Mixed Juice Drink],0,0,0,1,0,0,0,0,0,0,0,0,0,0,0,0,0,0
20200102_124354.jpg,[Fruit Tea Yuzu Mixed Juice Drink],0,0,0,1,0,0,0,0,0,0,0,0,0,0,0,0,0,0
20200102_124355.jpg,[Fruit Tea Yuzu Mixed Juice Drink],0,0,0,1,0,0,0,0,0,0,0,0,0,0,0,0,0,0
20200102_124359.jpg,[Fruit Tea Yuzu Mixed Juice Drink],0,0,0,1,0,0,0,0,0,0,0,0,0,0,0,0,0,0
20200102_124403.jpg,[Fruit Tea Yuzu Mixed Juice Drink],0,0,0,1,0,0,0,0,0,0,0,0,0,0,0,0,0,0
20200102_124404.jpg,[Fruit Tea Yuzu Mixed Juice Drink],0,0,0,1,0,0,0,0,0,0,0,0,0,0,0,0,0,0
20200102_124407.jpg,[Fruit Tea Yuzu Mixed Juice Drink],0,0,0,1,0,0,0,0,0,0,0,0,0,0,0,0,0,0
20200102_124409.jpg,[Fruit Tea Yuzu Mixed Juice Drink],0,0,0,1,0,0,0,0,0,0,0,0,0,0,0,0,0,0
20200102_124411.jpg,[Fruit Tea Yuzu Mixed Juice Drink],0,0,0,1,0,0,0,0,0,0,0,0,0,0,0,0,0,0
20200102_124413.jpg,[Fruit Tea Yuzu Mixed Juice Drink],0,0,0,1,0,0,0,0,0,0,0,0,0,0,0,0,0,0
20200102_124421.jpg,[Fruit Tea Yuzu Mixed Juice Drink],0,0,0,1,0,0,0,0,0,0,0,0,0,0,0,0,0,0
20200102_124007.jpg,[Marigold Peel Fresh Pink Guava Juice Drink],0,0,0,0,1,0,0,0,0,0,0,0,0,0,0,0,0,0
20200102_124011.jpg,[Marigold Peel Fresh Pink Guava Juice Drink],0,0,0,0,1,0,0,0,0,0,0,0,0,0,0,0,0,0
20200102_124013.jpg,[Marigold Peel Fresh Pink Guava Juice Drink],0,0,0,0,1,0,0,0,0,0,0,0,0,0,0,0,0,0
20200102_124019.jpg,[Marigold Peel Fresh Pink Guava Juice Drink],0,0,0,0,1,0,0,0,0,0,0,0,0,0,0,0,0,0
20200102_124028.jpg,[Marigold Peel Fresh Pink Guava Juice Drink],0,0,0,0,1,0,0,0,0,0,0,0,0,0,0,0,0,0
20200102_124031.jpg,[Marigold Peel Fresh Pink Guava Juice Drink],0,0,0,0,1,0,0,0,0,0,0,0,0,0,0,0,0,0
20200102_124034.jpg,[Marigold Peel Fresh Pink Guava Juice Drink],0,0,0,0,1,0,0,0,0,0,0,0,0,0,0,0,0,0
20200102_124041.jpg,[Marigold Peel Fresh Pink Guava Juice Drink],0,0,0,0,1,0,0,0,0,0,0,0,0,0,0,0,0,0
20200102_124043.jpg,[Marigold Peel Fresh Pink Guava Juice Drink],0,0,0,0,1,0,0,0,0,0,0,0,0,0,0,0,0,0
20200102_124048.jpg,[Marigold Peel Fresh Pink Guava Juice Drink],0,0,0,0,1,0,0,0,0,0,0,0,0,0,0,0,0,0
20200102_124052.jpg,[Marigold Peel Fresh Pink Guava Juice Drink],0,0,0,0,1,0,0,0,0,0,0,0,0,0,0,0,0,0
20200102_124056.jpg,[Marigold Peel Fresh Pink Guava Juice Drink],0,0,0,0,1,0,0,0,0,0,0,0,0,0,0,0,0,0
20200102_124103.jpg,[Marigold Peel Fresh Pink Guava Juice Drink],0,0,0,0,1,0,0,0,0,0,0,0,0,0,0,0,0,0
20200102_124349.jpg,[Marigold Peel Fresh Pink Guava Juice Drink],0,0,0,0,1,0,0,0,0,0,0,0,0,0,0,0,0,0
20200102_124351.jpg,[Marigold Peel Fresh Pink Guava Juice Drink],0,0,0,0,1,0,0,0,0,0,0,0,0,0,0,0,0,0
20200102_124352.jpg,[Marigold Peel Fresh Pink Guava Juice Drink],0,0,0,0,1,0,0,0,0,0,0,0,0,0,0,0,0,0
20200102_124354.jpg,[Marigold Peel Fresh Pink Guava Juice Drink],0,0,0,0,1,0,0,0,0,0,0,0,0,0,0,0,0,0
20200102_124355.jpg,[Marigold Peel Fresh Pink Guava Juice Drink],0,0,0,0,1,0,0,0,0,0,0,0,0,0,0,0,0,0
20200102_124359.jpg,[Marigold Peel Fresh Pink Guava Juice Drink],0,0,0,0,1,0,0,0,0,0,0,0,0,0,0,0,0,0
20200102_124403.jpg,[Marigold Peel Fresh Pink Guava Juice Drink],0,0,0,0,1,0,0,0,0,0,0,0,0,0,0,0,0,0
20200102_124404.jpg,[Marigold Peel Fresh Pink Guava Juice Drink],0,0,0,0,1,0,0,0,0,0,0,0,0,0,0,0,0,0
20200102_124407.jpg,[Marigold Peel Fresh Pink Guava Juice Drink],0,0,0,0,1,0,0,0,0,0,0,0,0,0,0,0,0,0
20200102_124409.jpg,[Marigold Peel Fresh Pink Guava Juice Drink],0,0,0,0,1,0,0,0,0,0,0,0,0,0,0,0,0,0
20200102_124411.jpg,[Marigold Peel Fresh Pink Guava Juice Drink],0,0,0,0,1,0,0,0,0,0,0,0,0,0,0,0,0,0
20200102_124413.jpg,[Marigold Peel Fresh Pink Guava Juice Drink],0,0,0,0,1,0,0,0,0,0,0,0,0,0,0,0,0,0
20200102_124421.jpg,[Marigold Peel Fresh Pink Guava Juice Drink],0,0,0,0,1,0,0,0,0,0,0,0,0,0,0,0,0,0
20200102_124622.jpg,[Mcvitie's Digestive],0,0,0,0,0,1,0,0,0,0,0,0,0,0,0,0,0,0
20200102_124624.jpg,[Mcvitie's Digestive],0,0,0,0,0,1,0,0,0,0,0,0,0,0,0,0,0,0
20200102_124628.jpg,[Mcvitie's Digestive],0,0,0,0,0,1,0,0,0,0,0,0,0,0,0,0,0,0
20200102_124630.jpg,[Mcvitie's Digestive],0,0,0,0,0,1,0,0,0,0,0,0,0,0,0,0,0,0
20200102_124633.jpg,[Mcvitie's Digestive],0,0,0,0,0,1,0,0,0,0,0,0,0,0,0,0,0,0
20200102_124635.jpg,[Mcvitie's Digestive],0,0,0,0,0,1,0,0,0,0,0,0,0,0,0,0,0,0
20200102_124638.jpg,[Mcvitie's Digestive],0,0,0,0,0,1,0,0,0,0,0,0,0,0,0,0,0,0
20200102_124640.jpg,[Mcvitie's Digestive],0,0,0,0,0,1,0,0,0,0,0,0,0,0,0,0,0,0
20200102_124643.jpg,[Mcvitie's Digestive],0,0,0,0,0,1,0,0,0,0,0,0,0,0,0,0,0,0
20200102_124645.jpg,[Mcvitie's Digestive],0,0,0,0,0,1,0,0,0,0,0,0,0,0,0,0,0,0
20200102_124648.jpg,[Mcvitie's Digestive],0,0,0,0,0,1,0,0,0,0,0,0,0,0,0,0,0,0
20200102_124652.jpg,[Mcvitie's Digestive],0,0,0,0,0,1,0,0,0,0,0,0,0,0,0,0,0,0
20200102_124654.jpg,[Mcvitie's Digestive],0,0,0,0,0,1,0,0,0,0,0,0,0,0,0,0,0,0
20200102_124712.jpg,[Mcvitie's Digestive],0,0,0,0,0,1,0,0,0,0,0,0,0,0,0,0,0,0
20200102_124535.jpg,[McVitie's Ginger Cookies],0,0,0,0,0,0,1,0,0,0,0,0,0,0,0,0,0,0
20200102_124537.jpg,[McVitie's Ginger Cookies],0,0,0,0,0,0,1,0,0,0,0,0,0,0,0,0,0,0
20200102_124541.jpg,[McVitie's Ginger Cookies],0,0,0,0,0,0,1,0,0,0,0,0,0,0,0,0,0,0
20200102_124543.jpg,[McVitie's Ginger Cookies],0,0,0,0,0,0,1,0,0,0,0,0,0,0,0,0,0,0
20200102_124548.jpg,[McVitie's Ginger Cookies],0,0,0,0,0,0,1,0,0,0,0,0,0,0,0,0,0,0
20200102_124551.jpg,[McVitie's Ginger Cookies],0,0,0,0,0,0,1,0,0,0,0,0,0,0,0,0,0,0
20200102_124553.jpg,[McVitie's Ginger Cookies],0,0,0,0,0,0,1,0,0,0,0,0,0,0,0,0,0,0
20200102_124556.jpg,[McVitie's Ginger Cookies],0,0,0,0,0,0,1,0,0,0,0,0,0,0,0,0,0,0
20200102_124559.jpg,[McVitie's Ginger Cookies],0,0,0,0,0,0,1,0,0,0,0,0,0,0,0,0,0,0
20200102_124601.jpg,[McVitie's Ginger Cookies],0,0,0,0,0,0,1,0,0,0,0,0,0,0,0,0,0,0
20200102_124603.jpg,[McVitie's Ginger Cookies],0,0,0,0,0,0,1,0,0,0,0,0,0,0,0,0,0,0
20200102_124605.jpg,[McVitie's Ginger Cookies],0,0,0,0,0,0,1,0,0,0,0,0,0,0,0,0,0,0
20200102_124608.jpg,[McVitie's Ginger Cookies],0,0,0,0,0,0,1,0,0,0,0,0,0,0,0,0,0,0
20200102_125204.jpg,[McVitie's Ginger Cookies],0,0,0,0,0,0,1,0,0,0,0,0,0,0,0,0,0,0
20200102_125206.jpg,[McVitie's Ginger Cookies],0,0,0,0,0,0,1,0,0,0,0,0,0,0,0,0,0,0
20200102_125208.jpg,[McVitie's Ginger Cookies],0,0,0,0,0,0,1,0,0,0,0,0,0,0,0,0,0,0
IMG_5885.jpg,[McVitie's Ginger Cookies],0,0,0,0,0,0,1,0,0,0,0,0,0,0,0,0,0,0
IMG_5886.jpg,[McVitie's Ginger Cookies],0,0,0,0,0,0,1,0,0,0,0,0,0,0,0,0,0,0
IMG_5887.jpg,[McVitie's Ginger Cookies],0,0,0,0,0,0,1,0,0,0,0,0,0,0,0,0,0,0
IMG_5888.jpg,[McVitie's Ginger Cookies],0,0,0,0,0,0,1,0,0,0,0,0,0,0,0,0,0,0
IMG_5889.jpg,[McVitie's Ginger Cookies],0,0,0,0,0,0,1,0,0,0,0,0,0,0,0,0,0,0
IMG_5890.jpg,[McVitie's Ginger Cookies],0,0,0,0,0,0,1,0,0,0,0,0,0,0,0,0,0,0
IMG_5891.jpg,[McVitie's Ginger Cookies],0,0,0,0,0,0,1,0,0,0,0,0,0,0,0,0,0,0
IMG_5892.jpg,[McVitie's Ginger Cookies],0,0,0,0,0,0,1,0,0,0,0,0,0,0,0,0,0,0
IMG_5893.jpg,[McVitie's Ginger Cookies],0,0,0,0,0,0,1,0,0,0,0,0,0,0,0,0,0,0
IMG_5894.jpg,[McVitie's Ginger Cookies],0,0,0,0,0,0,1,0,0,0,0,0,0,0,0,0,0,0
20200102_125020.jpg,[McVitie's Wholewheat Marie],0,0,0,0,0,0,0,1,0,0,0,0,0,0,0,0,0,0
20200102_125023.jpg,[McVitie's Wholewheat Marie],0,0,0,0,0,0,0,1,0,0,0,0,0,0,0,0,0,0
20200102_125248.jpg,[McVitie's Wholewheat Marie],0,0,0,0,0,0,0,1,0,0,0,0,0,0,0,0,0,0
20200102_125250.jpg,[McVitie's Wholewheat Marie],0,0,0,0,0,0,0,1,0,0,0,0,0,0,0,0,0,0
20200102_125252.jpg,[McVitie's Wholewheat Marie],0,0,0,0,0,0,0,1,0,0,0,0,0,0,0,0,0,0
20200102_125255.jpg,[McVitie's Wholewheat Marie],0,0,0,0,0,0,0,1,0,0,0,0,0,0,0,0,0,0
20200102_125258.jpg,[McVitie's Wholewheat Marie],0,0,0,0,0,0,0,1,0,0,0,0,0,0,0,0,0,0
20200102_125301_001.jpg,[McVitie's Wholewheat Marie],0,0,0,0,0,0,0,1,0,0,0,0,0,0,0,0,0,0
20200102_125305.jpg,[McVitie's Wholewheat Marie],0,0,0,0,0,0,0,1,0,0,0,0,0,0,0,0,0,0
20200102_125308.jpg,[McVitie's Wholewheat Marie],0,0,0,0,0,0,0,1,0,0,0,0,0,0,0,0,0,0
20200102_125311.jpg,[McVitie's Wholewheat Marie],0,0,0,0,0,0,0,1,0,0,0,0,0,0,0,0,0,0
20200102_125314.jpg,[McVitie's Wholewheat Marie],0,0,0,0,0,0,0,1,0,0,0,0,0,0,0,0,0,0
20200102_125318.jpg,[McVitie's Wholewheat Marie],0,0,0,0,0,0,0,1,0,0,0,0,0,0,0,0,0,0
20200102_125322.jpg,[McVitie's Wholewheat Marie],0,0,0,0,0,0,0,1,0,0,0,0,0,0,0,0,0,0
20200102_125325.jpg,[McVitie's Wholewheat Marie],0,0,0,0,0,0,0,1,0,0,0,0,0,0,0,0,0,0
20200102_125329.jpg,[McVitie's Wholewheat Marie],0,0,0,0,0,0,0,1,0,0,0,0,0,0,0,0,0,0
20200102_125333.jpg,[McVitie's Wholewheat Marie],0,0,0,0,0,0,0,1,0,0,0,0,0,0,0,0,0,0
20200102_125342.jpg,[McVitie's Wholewheat Marie],0,0,0,0,0,0,0,1,0,0,0,0,0,0,0,0,0,0
20200102_125346.jpg,[McVitie's Wholewheat Marie],0,0,0,0,0,0,0,1,0,0,0,0,0,0,0,0,0,0
20200102_125354.jpg,[McVitie's Wholewheat Marie],0,0,0,0,0,0,0,1,0,0,0,0,0,0,0,0,0,0
20200102_125358.jpg,[McVitie's Wholewheat Marie],0,0,0,0,0,0,0,1,0,0,0,0,0,0,0,0,0,0
20200102_125401.jpg,[McVitie's Wholewheat Marie],0,0,0,0,0,0,0,1,0,0,0,0,0,0,0,0,0,0
20200102_125403.jpg,[McVitie's Wholewheat Marie],0,0,0,0,0,0,0,1,0,0,0,0,0,0,0,0,0,0
20200102_125407.jpg,[McVitie's Wholewheat Marie],0,0,0,0,0,0,0,1,0,0,0,0,0,0,0,0,0,0
20200102_123631.jpg,[Mocha],0,0,0,0,0,0,0,0,1,0,0,0,0,0,0,0,0,0
20200102_123635.jpg,[Mocha],0,0,0,0,0,0,0,0,1,0,0,0,0,0,0,0,0,0
20200102_123638.jpg,[Mocha],0,0,0,0,0,0,0,0,1,0,0,0,0,0,0,0,0,0
20200102_123642.jpg,[Mocha],0,0,0,0,0,0,0,0,1,0,0,0,0,0,0,0,0,0
20200102_123649_022.jpg,[Mocha],0,0,0,0,0,0,0,0,1,0,0,0,0,0,0,0,0,0
20200102_123653.jpg,[Mocha],0,0,0,0,0,0,0,0,1,0,0,0,0,0,0,0,0,0
20200102_123657.jpg,[Mocha],0,0,0,0,0,0,0,0,1,0,0,0,0,0,0,0,0,0
20200102_123707.jpg,[Mocha],0,0,0,0,0,0,0,0,1,0,0,0,0,0,0,0,0,0
20200102_123711.jpg,[Mocha],0,0,0,0,0,0,0,0,1,0,0,0,0,0,0,0,0,0
20200102_123715.jpg,[Mocha],0,0,0,0,0,0,0,0,1,0,0,0,0,0,0,0,0,0
20200102_123726.jpg,[Mocha],0,0,0,0,0,0,0,0,1,0,0,0,0,0,0,0,0,0
20200102_124321.jpg,[Mocha],0,0,0,0,0,0,0,0,1,0,0,0,0,0,0,0,0,0
20200102_124323.jpg,[Mocha],0,0,0,0,0,0,0,0,1,0,0,0,0,0,0,0,0,0
20200102_124324.jpg,[Mocha],0,0,0,0,0,0,0,0,1,0,0,0,0,0,0,0,0,0
20200102_124326.jpg,[Mocha],0,0,0,0,0,0,0,0,1,0,0,0,0,0,0,0,0,0
20200102_124328.jpg,[Mocha],0,0,0,0,0,0,0,0,1,0,0,0,0,0,0,0,0,0
20200102_124330.jpg,[Mocha],0,0,0,0,0,0,0,0,1,0,0,0,0,0,0,0,0,0
20200102_124333.jpg,[Mocha],0,0,0,0,0,0,0,0,1,0,0,0,0,0,0,0,0,0
20200102_124335.jpg,[Mocha],0,0,0,0,0,0,0,0,1,0,0,0,0,0,0,0,0,0
20200102_124337.jpg,[Mocha],0,0,0,0,0,0,0,0,1,0,0,0,0,0,0,0,0,0
20200102_124339.jpg,[Mocha],0,0,0,0,0,0,0,0,1,0,0,0,0,0,0,0,0,0
20200102_125545.jpg,[Pringles Original],0,0,0,0,0,0,0,0,0,1,0,0,0,0,0,0,0,0
20200102_125547.jpg,[Pringles Original],0,0,0,0,0,0,0,0,0,1,0,0,0,0,0,0,0,0
20200102_125550.jpg,[Pringles Original],0,0,0,0,0,0,0,0,0,1,0,0,0,0,0,0,0,0
20200102_125552.jpg,[Pringles Original],0,0,0,0,0,0,0,0,0,1,0,0,0,0,0,0,0,0
20200102_125554.jpg,[Pringles Original],0,0,0,0,0,0,0,0,0,1,0,0,0,0,0,0,0,0
20200102_125556.jpg,[Pringles Original],0,0,0,0,0,0,0,0,0,1,0,0,0,0,0,0,0,0
20200102_125603.jpg,[Pringles Original],0,0,0,0,0,0,0,0,0,1,0,0,0,0,0,0,0,0
20200102_125605.jpg,[Pringles Original],0,0,0,0,0,0,0,0,0,1,0,0,0,0,0,0,0,0
20200102_125612.jpg,[Pringles Original],0,0,0,0,0,0,0,0,0,1,0,0,0,0,0,0,0,0
20200102_125615.jpg,[Pringles Original],0,0,0,0,0,0,0,0,0,1,0,0,0,0,0,0,0,0
20200102_125618.jpg,[Pringles Original],0,0,0,0,0,0,0,0,0,1,0,0,0,0,0,0,0,0
20200102_125620.jpg,[Pringles Original],0,0,0,0,0,0,0,0,0,1,0,0,0,0,0,0,0,0
20200102_125628.jpg,[Pringles Original],0,0,0,0,0,0,0,0,0,1,0,0,0,0,0,0,0,0
20200102_125633.jpg,[Pringles Original],0,0,0,0,0,0,0,0,0,1,0,0,0,0,0,0,0,0
20200102_125701.jpg,[Pringles Original],0,0,0,0,0,0,0,0,0,1,0,0,0,0,0,0,0,0
20200102_125708.jpg,[Pringles Original],0,0,0,0,0,0,0,0,0,1,0,0,0,0,0,0,0,0
20200102_125715.jpg,[Pringles Original],0,0,0,0,0,0,0,0,0,1,0,0,0,0,0,0,0,0
20200102_125719.jpg,[Pringles Original],0,0,0,0,0,0,0,0,0,1,0,0,0,0,0,0,0,0
20200102_125723.jpg,[Pringles Original],0,0,0,0,0,0,0,0,0,1,0,0,0,0,0,0,0,0
20200102_125726.jpg,[Pringles Original],0,0,0,0,0,0,0,0,0,1,0,0,0,0,0,0,0,0
20200102_125731.jpg,[Pringles Original],0,0,0,0,0,0,0,0,0,1,0,0,0,0,0,0,0,0
20200102_125739.jpg,[Pringles Original],0,0,0,0,0,0,0,0,0,1,0,0,0,0,0,0,0,0
20200102_125745.jpg,[Pringles Original],0,0,0,0,0,0,0,0,0,1,0,0,0,0,0,0,0,0
20200102_125754.jpg,[Pringles Original],0,0,0,0,0,0,0,0,0,1,0,0,0,0,0,0,0,0
20200102_125759.jpg,[Pringles Original],0,0,0,0,0,0,0,0,0,1,0,0,0,0,0,0,0,0
20200102_125806.jpg,[Pringles Original],0,0,0,0,0,0,0,0,0,1,0,0,0,0,0,0,0,0
20200102_125810.jpg,[Pringles Original],0,0,0,0,0,0,0,0,0,1,0,0,0,0,0,0,0,0
20200102_125814.jpg,[Pringles Original],0,0,0,0,0,0,0,0,0,1,0,0,0,0,0,0,0,0
20200102_125819.jpg,[Pringles Original],0,0,0,0,0,0,0,0,0,1,0,0,0,0,0,0,0,0
20200102_125823.jpg,[Pringles Original],0,0,0,0,0,0,0,0,0,1,0,0,0,0,0,0,0,0
20200102_125826.jpg,[Pringles Original],0,0,0,0,0,0,0,0,0,1,0,0,0,0,0,0,0,0
20200102_125832.jpg,[Pringles Original],0,0,0,0,0,0,0,0,0,1,0,0,0,0,0,0,0,0
20200102_125834.jpg,[Pringles Original],0,0,0,0,0,0,0,0,0,1,0,0,0,0,0,0,0,0
20200102_125839.jpg,[Pringles Original],0,0,0,0,0,0,0,0,0,1,0,0,0,0,0,0,0,0
20200102_125844.jpg,[Pringles Original],0,0,0,0,0,0,0,0,0,1,0,0,0,0,0,0,0,0
20200102_125852.jpg,[Pringles Original],0,0,0,0,0,0,0,0,0,1,0,0,0,0,0,0,0,0
20200102_125856.jpg,[Pringles Original],0,0,0,0,0,0,0,0,0,1,0,0,0,0,0,0,0,0
20200102_125904.jpg,[Pringles Original],0,0,0,0,0,0,0,0,0,1,0,0,0,0,0,0,0,0
20200102_125910.jpg,[Pringles Original],0,0,0,0,0,0,0,0,0,1,0,0,0,0,0,0,0,0
20200102_125915.jpg,[Pringles Original],0,0,0,0,0,0,0,0,0,1,0,0,0,0,0,0,0,0
20200102_125918.jpg,[Pringles Original],0,0,0,0,0,0,0,0,0,1,0,0,0,0,0,0,0,0
20200102_125921.jpg,[Pringles Original],0,0,0,0,0,0,0,0,0,1,0,0,0,0,0,0,0,0
20200102_125923.jpg,[Pringles Original],0,0,0,0,0,0,0,0,0,1,0,0,0,0,0,0,0,0
20200102_125925.jpg,[Pringles Original],0,0,0,0,0,0,0,0,0,1,0,0,0,0,0,0,0,0
20200102_125928.jpg,[Pringles Original],0,0,0,0,0,0,0,0,0,1,0,0,0,0,0,0,0,0
20200102_125930.jpg,[Pringles Original],0,0,0,0,0,0,0,0,0,1,0,0,0,0,0,0,0,0
20200102_125932.jpg,[Pringles Original],0,0,0,0,0,0,0,0,0,1,0,0,0,0,0,0,0,0
20200102_125935.jpg,[Pringles Original],0,0,0,0,0,0,0,0,0,1,0,0,0,0,0,0,0,0
20200102_125937.jpg,[Pringles Original],0,0,0,0,0,0,0,0,0,1,0,0,0,0,0,0,0,0
20200102_125940.jpg,[Pringles Original],0,0,0,0,0,0,0,0,0,1,0,0,0,0,0,0,0,0
20200102_125942.jpg,[Pringles Original],0,0,0,0,0,0,0,0,0,1,0,0,0,0,0,0,0,0
20200102_125946.jpg,[Pringles Original],0,0,0,0,0,0,0,0,0,1,0,0,0,0,0,0,0,0
20200102_125948.jpg,[Pringles Original],0,0,0,0,0,0,0,0,0,1,0,0,0,0,0,0,0,0
20200102_125952.jpg,[Pringles Original],0,0,0,0,0,0,0,0,0,1,0,0,0,0,0,0,0,0
20200102_125957.jpg,[Pringles Original],0,0,0,0,0,0,0,0,0,1,0,0,0,0,0,0,0,0
20200102_125959.jpg,[Pringles Original],0,0,0,0,0,0,0,0,0,1,0,0,0,0,0,0,0,0
20200102_130001.jpg,[Pringles Original],0,0,0,0,0,0,0,0,0,1,0,0,0,0,0,0,0,0
20200102_130006.jpg,[Pringles Original],0,0,0,0,0,0,0,0,0,1,0,0,0,0,0,0,0,0
20200102_130008.jpg,[Pringles Original],0,0,0,0,0,0,0,0,0,1,0,0,0,0,0,0,0,0
20200102_130010.jpg,[Pringles Original],0,0,0,0,0,0,0,0,0,1,0,0,0,0,0,0,0,0
20200102_130012.jpg,[Pringles Original],0,0,0,0,0,0,0,0,0,1,0,0,0,0,0,0,0,0
20200102_130025.jpg,[Pringles Original],0,0,0,0,0,0,0,0,0,1,0,0,0,0,0,0,0,0
20200102_130029.jpg,[Pringles Original],0,0,0,0,0,0,0,0,0,1,0,0,0,0,0,0,0,0
20200102_130032.jpg,[Pringles Original],0,0,0,0,0,0,0,0,0,1,0,0,0,0,0,0,0,0
20200102_130103.jpg,[ShoyueMi Spicy Flavoured Snacks],0,0,0,0,0,0,0,0,0,0,1,0,0,0,0,0,0,0
20200102_130106.jpg,[ShoyueMi Spicy Flavoured Snacks],0,0,0,0,0,0,0,0,0,0,1,0,0,0,0,0,0,0
20200102_130109.jpg,[ShoyueMi Spicy Flavoured Snacks],0,0,0,0,0,0,0,0,0,0,1,0,0,0,0,0,0,0
20200102_130111.jpg,[ShoyueMi Spicy Flavoured Snacks],0,0,0,0,0,0,0,0,0,0,1,0,0,0,0,0,0,0
20200102_130113.jpg,[ShoyueMi Spicy Flavoured Snacks],0,0,0,0,0,0,0,0,0,0,1,0,0,0,0,0,0,0
20200102_130116.jpg,[ShoyueMi Spicy Flavoured Snacks],0,0,0,0,0,0,0,0,0,0,1,0,0,0,0,0,0,0
20200102_130118.jpg,[ShoyueMi Spicy Flavoured Snacks],0,0,0,0,0,0,0,0,0,0,1,0,0,0,0,0,0,0
20200102_130120.jpg,[ShoyueMi Spicy Flavoured Snacks],0,0,0,0,0,0,0,0,0,0,1,0,0,0,0,0,0,0
20200102_130123.jpg,[ShoyueMi Spicy Flavoured Snacks],0,0,0,0,0,0,0,0,0,0,1,0,0,0,0,0,0,0
20200102_130125.jpg,[ShoyueMi Spicy Flavoured Snacks],0,0,0,0,0,0,0,0,0,0,1,0,0,0,0,0,0,0
20200102_130128.jpg,[ShoyueMi Spicy Flavoured Snacks],0,0,0,0,0,0,0,0,0,0,1,0,0,0,0,0,0,0
20200102_130130.jpg,[ShoyueMi Spicy Flavoured Snacks],0,0,0,0,0,0,0,0,0,0,1,0,0,0,0,0,0,0
20200102_130132.jpg,[ShoyueMi Spicy Flavoured Snacks],0,0,0,0,0,0,0,0,0,0,1,0,0,0,0,0,0,0
20200102_130135.jpg,[ShoyueMi Spicy Flavoured Snacks],0,0,0,0,0,0,0,0,0,0,1,0,0,0,0,0,0,0
20200102_130138.jpg,[ShoyueMi Spicy Flavoured Snacks],0,0,0,0,0,0,0,0,0,0,1,0,0,0,0,0,0,0
20200102_130140.jpg,[ShoyueMi Spicy Flavoured Snacks],0,0,0,0,0,0,0,0,0,0,1,0,0,0,0,0,0,0
20200102_130142.jpg,[ShoyueMi Spicy Flavoured Snacks],0,0,0,0,0,0,0,0,0,0,1,0,0,0,0,0,0,0
20200102_130148.jpg,[ShoyueMi Spicy Flavoured Snacks],0,0,0,0,0,0,0,0,0,0,1,0,0,0,0,0,0,0
20200102_130151.jpg,[ShoyueMi Spicy Flavoured Snacks],0,0,0,0,0,0,0,0,0,0,1,0,0,0,0,0,0,0
20200102_130156.jpg,[ShoyueMi Spicy Flavoured Snacks],0,0,0,0,0,0,0,0,0,0,1,0,0,0,0,0,0,0
20200102_130159.jpg,[ShoyueMi Spicy Flavoured Snacks],0,0,0,0,0,0,0,0,0,0,1,0,0,0,0,0,0,0
20200102_130202.jpg,[ShoyueMi Spicy Flavoured Snacks],0,0,0,0,0,0,0,0,0,0,1,0,0,0,0,0,0,0
20200102_130205.jpg,[ShoyueMi Spicy Flavoured Snacks],0,0,0,0,0,0,0,0,0,0,1,0,0,0,0,0,0,0
20200102_130208.jpg,[ShoyueMi Spicy Flavoured Snacks],0,0,0,0,0,0,0,0,0,0,1,0,0,0,0,0,0,0
20200102_130210.jpg,[ShoyueMi Spicy Flavoured Snacks],0,0,0,0,0,0,0,0,0,0,1,0,0,0,0,0,0,0
20200102_130214.jpg,[ShoyueMi Spicy Flavoured Snacks],0,0,0,0,0,0,0,0,0,0,1,0,0,0,0,0,0,0
20200102_130216.jpg,[ShoyueMi Spicy Flavoured Snacks],0,0,0,0,0,0,0,0,0,0,1,0,0,0,0,0,0,0
20200102_130219.jpg,[ShoyueMi Spicy Flavoured Snacks],0,0,0,0,0,0,0,0,0,0,1,0,0,0,0,0,0,0
20200102_130221.jpg,[ShoyueMi Spicy Flavoured Snacks],0,0,0,0,0,0,0,0,0,0,1,0,0,0,0,0,0,0
20200102_130224.jpg,[ShoyueMi Spicy Flavoured Snacks],0,0,0,0,0,0,0,0,0,0,1,0,0,0,0,0,0,0
20200102_130226.jpg,[ShoyueMi Spicy Flavoured Snacks],0,0,0,0,0,0,0,0,0,0,1,0,0,0,0,0,0,0
20200102_130234.jpg,[ShoyueMi Spicy Flavoured Snacks],0,0,0,0,0,0,0,0,0,0,1,0,0,0,0,0,0,0
20200102_130237.jpg,[ShoyueMi Spicy Flavoured Snacks],0,0,0,0,0,0,0,0,0,0,1,0,0,0,0,0,0,0
20200102_130239.jpg,[ShoyueMi Spicy Flavoured Snacks],0,0,0,0,0,0,0,0,0,0,1,0,0,0,0,0,0,0
20200102_130242.jpg,[ShoyueMi Spicy Flavoured Snacks],0,0,0,0,0,0,0,0,0,0,1,0,0,0,0,0,0,0
20200102_130245.jpg,[ShoyueMi Spicy Flavoured Snacks],0,0,0,0,0,0,0,0,0,0,1,0,0,0,0,0,0,0
20200102_130248.jpg,[ShoyueMi Spicy Flavoured Snacks],0,0,0,0,0,0,0,0,0,0,1,0,0,0,0,0,0,0
20200102_130251.jpg,[ShoyueMi Spicy Flavoured Snacks],0,0,0,0,0,0,0,0,0,0,1,0,0,0,0,0,0,0
20200102_130253.jpg,[ShoyueMi Spicy Flavoured Snacks],0,0,0,0,0,0,0,0,0,0,1,0,0,0,0,0,0,0
20200102_130255.jpg,[ShoyueMi Spicy Flavoured Snacks],0,0,0,0,0,0,0,0,0,0,1,0,0,0,0,0,0,0
20200102_130258.jpg,[ShoyueMi Spicy Flavoured Snacks],0,0,0,0,0,0,0,0,0,0,1,0,0,0,0,0,0,0
20200102_130303.jpg,[ShoyueMi Spicy Flavoured Snacks],0,0,0,0,0,0,0,0,0,0,1,0,0,0,0,0,0,0
20200102_130300.jpg,[ShoyueMi Spicy Flavoured Snacks],0,0,0,0,0,0,0,0,0,0,1,0,0,0,0,0,0,0
20200102_130305.jpg,[ShoyueMi Spicy Flavoured Snacks],0,0,0,0,0,0,0,0,0,0,1,0,0,0,0,0,0,0
20200102_130307.jpg,[ShoyueMi Spicy Flavoured Snacks],0,0,0,0,0,0,0,0,0,0,1,0,0,0,0,0,0,0
20200102_130311.jpg,[ShoyueMi Spicy Flavoured Snacks],0,0,0,0,0,0,0,0,0,0,1,0,0,0,0,0,0,0
20200102_130319.jpg,[ShoyueMi Spicy Flavoured Snacks],0,0,0,0,0,0,0,0,0,0,1,0,0,0,0,0,0,0
20200102_130321.jpg,[ShoyueMi Spicy Flavoured Snacks],0,0,0,0,0,0,0,0,0,0,1,0,0,0,0,0,0,0
20200102_130329.jpg,[ShoyueMi Spicy Flavoured Snacks],0,0,0,0,0,0,0,0,0,0,1,0,0,0,0,0,0,0
20200102_130336.jpg,[ShoyueMi Spicy Flavoured Snacks],0,0,0,0,0,0,0,0,0,0,1,0,0,0,0,0,0,0
20200102_130341.jpg,[ShoyueMi Spicy Flavoured Snacks],0,0,0,0,0,0,0,0,0,0,1,0,0,0,0,0,0,0
20200102_130346.jpg,[ShoyueMi Spicy Flavoured Snacks],0,0,0,0,0,0,0,0,0,0,1,0,0,0,0,0,0,0
20200102_130349.jpg,[ShoyueMi Spicy Flavoured Snacks],0,0,0,0,0,0,0,0,0,0,1,0,0,0,0,0,0,0
20200102_130353.jpg,[ShoyueMi Spicy Flavoured Snacks],0,0,0,0,0,0,0,0,0,0,1,0,0,0,0,0,0,0
20200102_124719.jpg,[Star Tidbits  'O' Ring],0,0,0,0,0,0,0,0,0,0,0,1,0,0,0,0,0,0
20200102_124721.jpg,[Star Tidbits  'O' Ring],0,0,0,0,0,0,0,0,0,0,0,1,0,0,0,0,0,0
20200102_124723.jpg,[Star Tidbits  'O' Ring],0,0,0,0,0,0,0,0,0,0,0,1,0,0,0,0,0,0
20200102_124725.jpg,[Star Tidbits  'O' Ring],0,0,0,0,0,0,0,0,0,0,0,1,0,0,0,0,0,0
20200102_124727.jpg,[Star Tidbits  'O' Ring],0,0,0,0,0,0,0,0,0,0,0,1,0,0,0,0,0,0
20200102_124729.jpg,[Star Tidbits  'O' Ring],0,0,0,0,0,0,0,0,0,0,0,1,0,0,0,0,0,0
20200102_124731.jpg,[Star Tidbits  'O' Ring],0,0,0,0,0,0,0,0,0,0,0,1,0,0,0,0,0,0
20200102_124732.jpg,[Star Tidbits  'O' Ring],0,0,0,0,0,0,0,0,0,0,0,1,0,0,0,0,0,0
20200102_124735.jpg,[Star Tidbits  'O' Ring],0,0,0,0,0,0,0,0,0,0,0,1,0,0,0,0,0,0
20200102_124737.jpg,[Star Tidbits  'O' Ring],0,0,0,0,0,0,0,0,0,0,0,1,0,0,0,0,0,0
20200102_124739.jpg,[Star Tidbits  'O' Ring],0,0,0,0,0,0,0,0,0,0,0,1,0,0,0,0,0,0
20200102_124742.jpg,[Star Tidbits  'O' Ring],0,0,0,0,0,0,0,0,0,0,0,1,0,0,0,0,0,0
20200102_124744.jpg,[Star Tidbits  'O' Ring],0,0,0,0,0,0,0,0,0,0,0,1,0,0,0,0,0,0
20200102_124747.jpg,[Star Tidbits  'O' Ring],0,0,0,0,0,0,0,0,0,0,0,1,0,0,0,0,0,0
20200102_124749.jpg,[Star Tidbits  'O' Ring],0,0,0,0,0,0,0,0,0,0,0,1,0,0,0,0,0,0
20200102_124751.jpg,[Star Tidbits  'O' Ring],0,0,0,0,0,0,0,0,0,0,0,1,0,0,0,0,0,0
20200102_124754.jpg,[Star Tidbits  'O' Ring],0,0,0,0,0,0,0,0,0,0,0,1,0,0,0,0,0,0
20200102_124756.jpg,[Star Tidbits  'O' Ring],0,0,0,0,0,0,0,0,0,0,0,1,0,0,0,0,0,0
20200102_124758.jpg,[Star Tidbits  'O' Ring],0,0,0,0,0,0,0,0,0,0,0,1,0,0,0,0,0,0
20200102_125141.jpg,[Star Tidbits  'O' Ring],0,0,0,0,0,0,0,0,0,0,0,1,0,0,0,0,0,0
20200102_125144.jpg,[Star Tidbits  'O' Ring],0,0,0,0,0,0,0,0,0,0,0,1,0,0,0,0,0,0
20200102_124807.jpg,[Star Tidbits Mixer],0,0,0,0,0,0,0,0,0,0,0,0,1,0,0,0,0,0
20200102_124809.jpg,[Star Tidbits Mixer],0,0,0,0,0,0,0,0,0,0,0,0,1,0,0,0,0,0
20200102_124811.jpg,[Star Tidbits Mixer],0,0,0,0,0,0,0,0,0,0,0,0,1,0,0,0,0,0
20200102_124813.jpg,[Star Tidbits Mixer],0,0,0,0,0,0,0,0,0,0,0,0,1,0,0,0,0,0
20200102_124822.jpg,[Star Tidbits Mixer],0,0,0,0,0,0,0,0,0,0,0,0,1,0,0,0,0,0
20200102_124825.jpg,[Star Tidbits Mixer],0,0,0,0,0,0,0,0,0,0,0,0,1,0,0,0,0,0
20200102_124827.jpg,[Star Tidbits Mixer],0,0,0,0,0,0,0,0,0,0,0,0,1,0,0,0,0,0
20200102_124829.jpg,[Star Tidbits Mixer],0,0,0,0,0,0,0,0,0,0,0,0,1,0,0,0,0,0
20200102_124833.jpg,[Star Tidbits Mixer],0,0,0,0,0,0,0,0,0,0,0,0,1,0,0,0,0,0
20200102_124836.jpg,[Star Tidbits Mixer],0,0,0,0,0,0,0,0,0,0,0,0,1,0,0,0,0,0
20200102_124840.jpg,[Star Tidbits Mixer],0,0,0,0,0,0,0,0,0,0,0,0,1,0,0,0,0,0
20200102_124843.jpg,[Star Tidbits Mixer],0,0,0,0,0,0,0,0,0,0,0,0,1,0,0,0,0,0
20200102_124846.jpg,[Star Tidbits Mixer],0,0,0,0,0,0,0,0,0,0,0,0,1,0,0,0,0,0
20200102_124851.jpg,[Star Tidbits Mixer],0,0,0,0,0,0,0,0,0,0,0,0,1,0,0,0,0,0
20200102_124854.jpg,[Star Tidbits Mixer],0,0,0,0,0,0,0,0,0,0,0,0,1,0,0,0,0,0
20200102_124858.jpg,[Star Tidbits Mixer],0,0,0,0,0,0,0,0,0,0,0,0,1,0,0,0,0,0
20200102_125129.jpg,[Star Tidbits Mixer],0,0,0,0,0,0,0,0,0,0,0,0,1,0,0,0,0,0
20200102_125131.jpg,[Star Tidbits Mixer],0,0,0,0,0,0,0,0,0,0,0,0,1,0,0,0,0,0
20200102_125135.jpg,[Star Tidbits Mixer],0,0,0,0,0,0,0,0,0,0,0,0,1,0,0,0,0,0
20200102_131737.jpg,[Star Tidbits Mixer],0,0,0,0,0,0,0,0,0,0,0,0,1,0,0,0,0,0
20200102_131740.jpg,[Star Tidbits Mixer],0,0,0,0,0,0,0,0,0,0,0,0,1,0,0,0,0,0
20200102_131757.jpg,[Star Tidbits Mixer],0,0,0,0,0,0,0,0,0,0,0,0,1,0,0,0,0,0
20200102_131802.jpg,[Star Tidbits Mixer],0,0,0,0,0,0,0,0,0,0,0,0,1,0,0,0,0,0
20200102_131816.jpg,[Star Tidbits Mixer],0,0,0,0,0,0,0,0,0,0,0,0,1,0,0,0,0,0
20200102_131819.jpg,[Star Tidbits Mixer],0,0,0,0,0,0,0,0,0,0,0,0,1,0,0,0,0,0
20200102_131821.jpg,[Star Tidbits Mixer],0,0,0,0,0,0,0,0,0,0,0,0,1,0,0,0,0,0
20200102_131825.jpg,[Star Tidbits Mixer],0,0,0,0,0,0,0,0,0,0,0,0,1,0,0,0,0,0
20200102_131828.jpg,[Star Tidbits Mixer],0,0,0,0,0,0,0,0,0,0,0,0,1,0,0,0,0,0
20200102_131835.jpg,[Star Tidbits Mixer],0,0,0,0,0,0,0,0,0,0,0,0,1,0,0,0,0,0
20200102_131838.jpg,[Star Tidbits Mixer],0,0,0,0,0,0,0,0,0,0,0,0,1,0,0,0,0,0
20200102_131841.jpg,[Star Tidbits Mixer],0,0,0,0,0,0,0,0,0,0,0,0,1,0,0,0,0,0
20200102_131847.jpg,[Star Tidbits Mixer],0,0,0,0,0,0,0,0,0,0,0,0,1,0,0,0,0,0
20200102_131903.jpg,[Star Tidbits Mixer],0,0,0,0,0,0,0,0,0,0,0,0,1,0,0,0,0,0
20200102_123739.jpg,[Sunkist Orange Juice Drink],0,0,0,0,0,0,0,0,0,0,0,0,0,1,0,0,0,0
20200102_123743.jpg,[Sunkist Orange Juice Drink],0,0,0,0,0,0,0,0,0,0,0,0,0,1,0,0,0,0
20200102_123750.jpg,[Sunkist Orange Juice Drink],0,0,0,0,0,0,0,0,0,0,0,0,0,1,0,0,0,0
20200102_123755.jpg,[Sunkist Orange Juice Drink],0,0,0,0,0,0,0,0,0,0,0,0,0,1,0,0,0,0
20200102_123800.jpg,[Sunkist Orange Juice Drink],0,0,0,0,0,0,0,0,0,0,0,0,0,1,0,0,0,0
20200102_123806.jpg,[Sunkist Orange Juice Drink],0,0,0,0,0,0,0,0,0,0,0,0,0,1,0,0,0,0
20200102_123822.jpg,[Sunkist Orange Juice Drink],0,0,0,0,0,0,0,0,0,0,0,0,0,1,0,0,0,0
20200102_123829.jpg,[Sunkist Orange Juice Drink],0,0,0,0,0,0,0,0,0,0,0,0,0,1,0,0,0,0
20200102_123837.jpg,[Sunkist Orange Juice Drink],0,0,0,0,0,0,0,0,0,0,0,0,0,1,0,0,0,0
20200102_123844.jpg,[Sunkist Orange Juice Drink],0,0,0,0,0,0,0,0,0,0,0,0,0,1,0,0,0,0
20200102_123847.jpg,[Sunkist Orange Juice Drink],0,0,0,0,0,0,0,0,0,0,0,0,0,1,0,0,0,0
20200102_123850.jpg,[Sunkist Orange Juice Drink],0,0,0,0,0,0,0,0,0,0,0,0,0,1,0,0,0,0
20200102_123852.jpg,[Sunkist Orange Juice Drink],0,0,0,0,0,0,0,0,0,0,0,0,0,1,0,0,0,0
20200102_123855.jpg,[Sunkist Orange Juice Drink],0,0,0,0,0,0,0,0,0,0,0,0,0,1,0,0,0,0
20200102_124430.jpg,[Sunkist Orange Juice Drink],0,0,0,0,0,0,0,0,0,0,0,0,0,1,0,0,0,0
20200102_124432.jpg,[Sunkist Orange Juice Drink],0,0,0,0,0,0,0,0,0,0,0,0,0,1,0,0,0,0
20200102_124434.jpg,[Sunkist Orange Juice Drink],0,0,0,0,0,0,0,0,0,0,0,0,0,1,0,0,0,0
20200102_124436.jpg,[Sunkist Orange Juice Drink],0,0,0,0,0,0,0,0,0,0,0,0,0,1,0,0,0,0
20200102_124438.jpg,[Sunkist Orange Juice Drink],0,0,0,0,0,0,0,0,0,0,0,0,0,1,0,0,0,0
20200102_124441.jpg,[Sunkist Orange Juice Drink],0,0,0,0,0,0,0,0,0,0,0,0,0,1,0,0,0,0
20200102_124443.jpg,[Sunkist Orange Juice Drink],0,0,0,0,0,0,0,0,0,0,0,0,0,1,0,0,0,0
20200102_124445.jpg,[Sunkist Orange Juice Drink],0,0,0,0,0,0,0,0,0,0,0,0,0,1,0,0,0,0
20200102_124447.jpg,[Sunkist Orange Juice Drink],0,0,0,0,0,0,0,0,0,0,0,0,0,1,0,0,0,0
20200102_124449.jpg,[Sunkist Orange Juice Drink],0,0,0,0,0,0,0,0,0,0,0,0,0,1,0,0,0,0
20200102_124450.jpg,[Sunkist Orange Juice Drink],0,0,0,0,0,0,0,0,0,0,0,0,0,1,0,0,0,0
20200102_131449.jpg,[Sunshine Belgium Chocolate Wholemeal Cream Bun],0,0,0,0,0,0,0,0,0,0,0,0,0,0,1,0,0,0
20200102_131450.jpg,[Sunshine Belgium Chocolate Wholemeal Cream Bun],0,0,0,0,0,0,0,0,0,0,0,0,0,0,1,0,0,0
20200102_131452.jpg,[Sunshine Belgium Chocolate Wholemeal Cream Bun],0,0,0,0,0,0,0,0,0,0,0,0,0,0,1,0,0,0
20200102_131454.jpg,[Sunshine Belgium Chocolate Wholemeal Cream Bun],0,0,0,0,0,0,0,0,0,0,0,0,0,0,1,0,0,0
20200102_131456.jpg,[Sunshine Belgium Chocolate Wholemeal Cream Bun],0,0,0,0,0,0,0,0,0,0,0,0,0,0,1,0,0,0
20200102_131458.jpg,[Sunshine Belgium Chocolate Wholemeal Cream Bun],0,0,0,0,0,0,0,0,0,0,0,0,0,0,1,0,0,0
20200102_131459.jpg,[Sunshine Belgium Chocolate Wholemeal Cream Bun],0,0,0,0,0,0,0,0,0,0,0,0,0,0,1,0,0,0
20200102_131501.jpg,[Sunshine Belgium Chocolate Wholemeal Cream Bun],0,0,0,0,0,0,0,0,0,0,0,0,0,0,1,0,0,0
20200102_131504.jpg,[Sunshine Belgium Chocolate Wholemeal Cream Bun],0,0,0,0,0,0,0,0,0,0,0,0,0,0,1,0,0,0
20200102_131505.jpg,[Sunshine Belgium Chocolate Wholemeal Cream Bun],0,0,0,0,0,0,0,0,0,0,0,0,0,0,1,0,0,0
20200102_131507.jpg,[Sunshine Belgium Chocolate Wholemeal Cream Bun],0,0,0,0,0,0,0,0,0,0,0,0,0,0,1,0,0,0
20200102_131509.jpg,[Sunshine Belgium Chocolate Wholemeal Cream Bun],0,0,0,0,0,0,0,0,0,0,0,0,0,0,1,0,0,0
20200102_131511.jpg,[Sunshine Belgium Chocolate Wholemeal Cream Bun],0,0,0,0,0,0,0,0,0,0,0,0,0,0,1,0,0,0
20200102_131513.jpg,[Sunshine Belgium Chocolate Wholemeal Cream Bun],0,0,0,0,0,0,0,0,0,0,0,0,0,0,1,0,0,0
20200102_131514.jpg,[Sunshine Belgium Chocolate Wholemeal Cream Bun],0,0,0,0,0,0,0,0,0,0,0,0,0,0,1,0,0,0
20200102_131522.jpg,[Sunshine Belgium Chocolate Wholemeal Cream Bun],0,0,0,0,0,0,0,0,0,0,0,0,0,0,1,0,0,0
20200102_131525.jpg,[Sunshine Belgium Chocolate Wholemeal Cream Bun],0,0,0,0,0,0,0,0,0,0,0,0,0,0,1,0,0,0
20200102_131527.jpg,[Sunshine Belgium Chocolate Wholemeal Cream Bun],0,0,0,0,0,0,0,0,0,0,0,0,0,0,1,0,0,0
20200102_131534.jpg,[Sunshine Belgium Chocolate Wholemeal Cream Bun],0,0,0,0,0,0,0,0,0,0,0,0,0,0,1,0,0,0
20200102_131536.jpg,[Sunshine Belgium Chocolate Wholemeal Cream Bun],0,0,0,0,0,0,0,0,0,0,0,0,0,0,1,0,0,0
20200102_131541.jpg,[Sunshine Belgium Chocolate Wholemeal Cream Bun],0,0,0,0,0,0,0,0,0,0,0,0,0,0,1,0,0,0
20200102_131547.jpg,[Sunshine Belgium Chocolate Wholemeal Cream Bun],0,0,0,0,0,0,0,0,0,0,0,0,0,0,1,0,0,0
20200102_131550.jpg,[Sunshine Belgium Chocolate Wholemeal Cream Bun],0,0,0,0,0,0,0,0,0,0,0,0,0,0,1,0,0,0
20200102_131554.jpg,[Sunshine Belgium Chocolate Wholemeal Cream Bun],0,0,0,0,0,0,0,0,0,0,0,0,0,0,1,0,0,0
20200102_131557.jpg,[Sunshine Belgium Chocolate Wholemeal Cream Bun],0,0,0,0,0,0,0,0,0,0,0,0,0,0,1,0,0,0
20200102_131600.jpg,[Sunshine Belgium Chocolate Wholemeal Cream Bun],0,0,0,0,0,0,0,0,0,0,0,0,0,0,1,0,0,0
20200102_131603.jpg,[Sunshine Belgium Chocolate Wholemeal Cream Bun],0,0,0,0,0,0,0,0,0,0,0,0,0,0,1,0,0,0
20200102_131606.jpg,[Sunshine Belgium Chocolate Wholemeal Cream Bun],0,0,0,0,0,0,0,0,0,0,0,0,0,0,1,0,0,0
20200102_131610_007.jpg,[Sunshine Belgium Chocolate Wholemeal Cream Bun],0,0,0,0,0,0,0,0,0,0,0,0,0,0,1,0,0,0
20200102_131616.jpg,[Sunshine Belgium Chocolate Wholemeal Cream Bun],0,0,0,0,0,0,0,0,0,0,0,0,0,0,1,0,0,0
20200102_131619.jpg,[Sunshine Belgium Chocolate Wholemeal Cream Bun],0,0,0,0,0,0,0,0,0,0,0,0,0,0,1,0,0,0
20200102_131623.jpg,[Sunshine Belgium Chocolate Wholemeal Cream Bun],0,0,0,0,0,0,0,0,0,0,0,0,0,0,1,0,0,0
20200102_131627.jpg,[Sunshine Belgium Chocolate Wholemeal Cream Bun],0,0,0,0,0,0,0,0,0,0,0,0,0,0,1,0,0,0
20200102_131633_033.jpg,[Sunshine Belgium Chocolate Wholemeal Cream Bun],0,0,0,0,0,0,0,0,0,0,0,0,0,0,1,0,0,0
20200102_131639.jpg,[Sunshine Belgium Chocolate Wholemeal Cream Bun],0,0,0,0,0,0,0,0,0,0,0,0,0,0,1,0,0,0
20200102_131645.jpg,[Sunshine Belgium Chocolate Wholemeal Cream Bun],0,0,0,0,0,0,0,0,0,0,0,0,0,0,1,0,0,0
20200102_131649.jpg,[Sunshine Belgium Chocolate Wholemeal Cream Bun],0,0,0,0,0,0,0,0,0,0,0,0,0,0,1,0,0,0
20200102_131652.jpg,[Sunshine Belgium Chocolate Wholemeal Cream Bun],0,0,0,0,0,0,0,0,0,0,0,0,0,0,1,0,0,0
20200102_131655.jpg,[Sunshine Belgium Chocolate Wholemeal Cream Bun],0,0,0,0,0,0,0,0,0,0,0,0,0,0,1,0,0,0
20200102_123912.jpg,[Thai Milk Tea],0,0,0,0,0,0,0,0,0,0,0,0,0,0,0,1,0,0
20200102_123914.jpg,[Thai Milk Tea],0,0,0,0,0,0,0,0,0,0,0,0,0,0,0,1,0,0
20200102_123917.jpg,[Thai Milk Tea],0,0,0,0,0,0,0,0,0,0,0,0,0,0,0,1,0,0
20200102_123920.jpg,[Thai Milk Tea],0,0,0,0,0,0,0,0,0,0,0,0,0,0,0,1,0,0
20200102_123925.jpg,[Thai Milk Tea],0,0,0,0,0,0,0,0,0,0,0,0,0,0,0,1,0,0
20200102_123928.jpg,[Thai Milk Tea],0,0,0,0,0,0,0,0,0,0,0,0,0,0,0,1,0,0
20200102_123931.jpg,[Thai Milk Tea],0,0,0,0,0,0,0,0,0,0,0,0,0,0,0,1,0,0
20200102_123933.jpg,[Thai Milk Tea],0,0,0,0,0,0,0,0,0,0,0,0,0,0,0,1,0,0
20200102_123935.jpg,[Thai Milk Tea],0,0,0,0,0,0,0,0,0,0,0,0,0,0,0,1,0,0
20200102_123937.jpg,[Thai Milk Tea],0,0,0,0,0,0,0,0,0,0,0,0,0,0,0,1,0,0
20200102_123942.jpg,[Thai Milk Tea],0,0,0,0,0,0,0,0,0,0,0,0,0,0,0,1,0,0
20200102_123948.jpg,[Thai Milk Tea],0,0,0,0,0,0,0,0,0,0,0,0,0,0,0,1,0,0
20200102_123951.jpg,[Thai Milk Tea],0,0,0,0,0,0,0,0,0,0,0,0,0,0,0,1,0,0
20200102_123955.jpg,[Thai Milk Tea],0,0,0,0,0,0,0,0,0,0,0,0,0,0,0,1,0,0
20200102_123958.jpg,[Thai Milk Tea],0,0,0,0,0,0,0,0,0,0,0,0,0,0,0,1,0,0
20200102_124254.jpg,[Thai Milk Tea],0,0,0,0,0,0,0,0,0,0,0,0,0,0,0,1,0,0
20200102_124258.jpg,[Thai Milk Tea],0,0,0,0,0,0,0,0,0,0,0,0,0,0,0,1,0,0
20200102_124300.jpg,[Thai Milk Tea],0,0,0,0,0,0,0,0,0,0,0,0,0,0,0,1,0,0
20200102_124303.jpg,[Thai Milk Tea],0,0,0,0,0,0,0,0,0,0,0,0,0,0,0,1,0,0
20200102_124304.jpg,[Thai Milk Tea],0,0,0,0,0,0,0,0,0,0,0,0,0,0,0,1,0,0
20200102_124307.jpg,[Thai Milk Tea],0,0,0,0,0,0,0,0,0,0,0,0,0,0,0,1,0,0
20200102_124310.jpg,[Thai Milk Tea],0,0,0,0,0,0,0,0,0,0,0,0,0,0,0,1,0,0
20200102_124312.jpg,[Thai Milk Tea],0,0,0,0,0,0,0,0,0,0,0,0,0,0,0,1,0,0
20200102_124314.jpg,[Thai Milk Tea],0,0,0,0,0,0,0,0,0,0,0,0,0,0,0,1,0,0
20200102_124905.jpg,[Tinges Roll Chocolate],0,0,0,0,0,0,0,0,0,0,0,0,0,0,0,0,1,0
20200102_124907.jpg,[Tinges Roll Chocolate],0,0,0,0,0,0,0,0,0,0,0,0,0,0,0,0,1,0
20200102_124909.jpg,[Tinges Roll Chocolate],0,0,0,0,0,0,0,0,0,0,0,0,0,0,0,0,1,0
20200102_124911.jpg,[Tinges Roll Chocolate],0,0,0,0,0,0,0,0,0,0,0,0,0,0,0,0,1,0
20200102_124914.jpg,[Tinges Roll Chocolate],0,0,0,0,0,0,0,0,0,0,0,0,0,0,0,0,1,0
20200102_124916.jpg,[Tinges Roll Chocolate],0,0,0,0,0,0,0,0,0,0,0,0,0,0,0,0,1,0
20200102_124918.jpg,[Tinges Roll Chocolate],0,0,0,0,0,0,0,0,0,0,0,0,0,0,0,0,1,0
20200102_124920.jpg,[Tinges Roll Chocolate],0,0,0,0,0,0,0,0,0,0,0,0,0,0,0,0,1,0
20200102_124922.jpg,[Tinges Roll Chocolate],0,0,0,0,0,0,0,0,0,0,0,0,0,0,0,0,1,0
20200102_124924.jpg,[Tinges Roll Chocolate],0,0,0,0,0,0,0,0,0,0,0,0,0,0,0,0,1,0
20200102_124926.jpg,[Tinges Roll Chocolate],0,0,0,0,0,0,0,0,0,0,0,0,0,0,0,0,1,0
20200102_124928.jpg,[Tinges Roll Chocolate],0,0,0,0,0,0,0,0,0,0,0,0,0,0,0,0,1,0
20200102_124930.jpg,[Tinges Roll Chocolate],0,0,0,0,0,0,0,0,0,0,0,0,0,0,0,0,1,0
20200102_124932.jpg,[Tinges Roll Chocolate],0,0,0,0,0,0,0,0,0,0,0,0,0,0,0,0,1,0
20200102_124935.jpg,[Tinges Roll Chocolate],0,0,0,0,0,0,0,0,0,0,0,0,0,0,0,0,1,0
20200102_124937.jpg,[Tinges Roll Chocolate],0,0,0,0,0,0,0,0,0,0,0,0,0,0,0,0,1,0
20200102_124940.jpg,[Tinges Roll Chocolate],0,0,0,0,0,0,0,0,0,0,0,0,0,0,0,0,1,0
20200102_124946.jpg,[Tinges Roll Chocolate],0,0,0,0,0,0,0,0,0,0,0,0,0,0,0,0,1,0
20200102_124948.jpg,[Tinges Roll Chocolate],0,0,0,0,0,0,0,0,0,0,0,0,0,0,0,0,1,0
20200102_124950.jpg,[Tinges Roll Chocolate],0,0,0,0,0,0,0,0,0,0,0,0,0,0,0,0,1,0
20200102_124952.jpg,[Tinges Roll Chocolate],0,0,0,0,0,0,0,0,0,0,0,0,0,0,0,0,1,0
20200102_124955.jpg,[Tinges Roll Chocolate],0,0,0,0,0,0,0,0,0,0,0,0,0,0,0,0,1,0
20200102_124959.jpg,[Tinges Roll Chocolate],0,0,0,0,0,0,0,0,0,0,0,0,0,0,0,0,1,0
20200102_125013.jpg,[Tinges Roll Chocolate],0,0,0,0,0,0,0,0,0,0,0,0,0,0,0,0,1,0
20200102_125046.jpg,[Tinges Roll Chocolate],0,0,0,0,0,0,0,0,0,0,0,0,0,0,0,0,1,0
20200102_125048.jpg,[Tinges Roll Chocolate],0,0,0,0,0,0,0,0,0,0,0,0,0,0,0,0,1,0
20200102_125051.jpg,[Tinges Roll Chocolate],0,0,0,0,0,0,0,0,0,0,0,0,0,0,0,0,1,0
20200102_125053.jpg,[Tinges Roll Chocolate],0,0,0,0,0,0,0,0,0,0,0,0,0,0,0,0,1,0
20200102_125055.jpg,[Tinges Roll Chocolate],0,0,0,0,0,0,0,0,0,0,0,0,0,0,0,0,1,0
20200102_125058.jpg,[Tinges Roll Chocolate],0,0,0,0,0,0,0,0,0,0,0,0,0,0,0,0,1,0
20200102_125100.jpg,[Tinges Roll Chocolate],0,0,0,0,0,0,0,0,0,0,0,0,0,0,0,0,1,0
20200102_125102.jpg,[Tinges Roll Chocolate],0,0,0,0,0,0,0,0,0,0,0,0,0,0,0,0,1,0
20200102_125108.jpg,[Tinges Roll Chocolate],0,0,0,0,0,0,0,0,0,0,0,0,0,0,0,0,1,0
20200102_125112.jpg,[Tinges Roll Chocolate],0,0,0,0,0,0,0,0,0,0,0,0,0,0,0,0,1,0
20200102_125114.jpg,[Tinges Roll Chocolate],0,0,0,0,0,0,0,0,0,0,0,0,0,0,0,0,1,0
20200102_125116.jpg,[Tinges Roll Chocolate],0,0,0,0,0,0,0,0,0,0,0,0,0,0,0,0,1,0
20200102_125121.jpg,[Tinges Roll Chocolate],0,0,0,0,0,0,0,0,0,0,0,0,0,0,0,0,1,0
20200102_125413.jpg,[Tinges Roll Sweet Corn],0,0,0,0,0,0,0,0,0,0,0,0,0,0,0,0,0,1
20200102_125416.jpg,[Tinges Roll Sweet Corn],0,0,0,0,0,0,0,0,0,0,0,0,0,0,0,0,0,1
20200102_125418.jpg,[Tinges Roll Sweet Corn],0,0,0,0,0,0,0,0,0,0,0,0,0,0,0,0,0,1
20200102_125420.jpg,[Tinges Roll Sweet Corn],0,0,0,0,0,0,0,0,0,0,0,0,0,0,0,0,0,1
20200102_125422.jpg,[Tinges Roll Sweet Corn],0,0,0,0,0,0,0,0,0,0,0,0,0,0,0,0,0,1
20200102_125426.jpg,[Tinges Roll Sweet Corn],0,0,0,0,0,0,0,0,0,0,0,0,0,0,0,0,0,1
20200102_125429.jpg,[Tinges Roll Sweet Corn],0,0,0,0,0,0,0,0,0,0,0,0,0,0,0,0,0,1
20200102_125431.jpg,[Tinges Roll Sweet Corn],0,0,0,0,0,0,0,0,0,0,0,0,0,0,0,0,0,1
20200102_125433.jpg,[Tinges Roll Sweet Corn],0,0,0,0,0,0,0,0,0,0,0,0,0,0,0,0,0,1
20200102_125435.jpg,[Tinges Roll Sweet Corn],0,0,0,0,0,0,0,0,0,0,0,0,0,0,0,0,0,1
20200102_125437.jpg,[Tinges Roll Sweet Corn],0,0,0,0,0,0,0,0,0,0,0,0,0,0,0,0,0,1
20200102_125439.jpg,[Tinges Roll Sweet Corn],0,0,0,0,0,0,0,0,0,0,0,0,0,0,0,0,0,1
20200102_125442.jpg,[Tinges Roll Sweet Corn],0,0,0,0,0,0,0,0,0,0,0,0,0,0,0,0,0,1
20200102_125445.jpg,[Tinges Roll Sweet Corn],0,0,0,0,0,0,0,0,0,0,0,0,0,0,0,0,0,1
20200102_125447.jpg,[Tinges Roll Sweet Corn],0,0,0,0,0,0,0,0,0,0,0,0,0,0,0,0,0,1
20200102_125449.jpg,[Tinges Roll Sweet Corn],0,0,0,0,0,0,0,0,0,0,0,0,0,0,0,0,0,1
20200102_125452.jpg,[Tinges Roll Sweet Corn],0,0,0,0,0,0,0,0,0,0,0,0,0,0,0,0,0,1
20200102_125455.jpg,[Tinges Roll Sweet Corn],0,0,0,0,0,0,0,0,0,0,0,0,0,0,0,0,0,1
20200102_125458.jpg,[Tinges Roll Sweet Corn],0,0,0,0,0,0,0,0,0,0,0,0,0,0,0,0,0,1
20200102_125500.jpg,[Tinges Roll Sweet Corn],0,0,0,0,0,0,0,0,0,0,0,0,0,0,0,0,0,1
20200102_125502.jpg,[Tinges Roll Sweet Corn],0,0,0,0,0,0,0,0,0,0,0,0,0,0,0,0,0,1
20200102_125506.jpg,[Tinges Roll Sweet Corn],0,0,0,0,0,0,0,0,0,0,0,0,0,0,0,0,0,1
20200102_125509.jpg,[Tinges Roll Sweet Corn],0,0,0,0,0,0,0,0,0,0,0,0,0,0,0,0,0,1
20200102_125510.jpg,[Tinges Roll Sweet Corn],0,0,0,0,0,0,0,0,0,0,0,0,0,0,0,0,0,1
20200102_125512.jpg,[Tinges Roll Sweet Corn],0,0,0,0,0,0,0,0,0,0,0,0,0,0,0,0,0,1
20200102_125514.jpg,[Tinges Roll Sweet Corn],0,0,0,0,0,0,0,0,0,0,0,0,0,0,0,0,0,1
20200102_125517.jpg,[Tinges Roll Sweet Corn],0,0,0,0,0,0,0,0,0,0,0,0,0,0,0,0,0,1
20200102_125518.jpg,[Tinges Roll Sweet Corn],0,0,0,0,0,0,0,0,0,0,0,0,0,0,0,0,0,1
20200102_125522.jpg,[Tinges Roll Sweet Corn],0,0,0,0,0,0,0,0,0,0,0,0,0,0,0,0,0,1
20200102_125524.jpg,[Tinges Roll Sweet Corn],0,0,0,0,0,0,0,0,0,0,0,0,0,0,0,0,0,1
20200102_125527.jpg,[Tinges Roll Sweet Corn],0,0,0,0,0,0,0,0,0,0,0,0,0,0,0,0,0,1
20200102_125529.jpg,[Tinges Roll Sweet Corn],0,0,0,0,0,0,0,0,0,0,0,0,0,0,0,0,0,1
20200102_125531.jpg,[Tinges Roll Sweet Corn],0,0,0,0,0,0,0,0,0,0,0,0,0,0,0,0,0,1
20200102_125533.jpg,[Tinges Roll Sweet Corn],0,0,0,0,0,0,0,0,0,0,0,0,0,0,0,0,0,1
20200102_125536.jpg,[Tinges Roll Sweet Corn],0,0,0,0,0,0,0,0,0,0,0,0,0,0,0,0,0,1
20200102_125538.jpg,[Tinges Roll Sweet Corn],0,0,0,0,0,0,0,0,0,0,0,0,0,0,0,0,0,1
20200102_123145.jpg,"[Carr's Ginger Lemon Cremes, Dayplus Banana, Dayplus Red Bean, Fruit Tree Yuzu Mixed Juice Drink, Thai Milk Tea, ShoyueMi Spicy Flavoured Snacks, Star Tidbits Mixer, Sunkist Orange Juice Drink, Sunshine Belgium Chocolate Wholemeal Cream Bun]",1,1,1,1,0,0,0,0,0,0,1,0,1,1,1,1,0,0
20200102_123153.jpg,"[Carr's Ginger Lemon Cremes, Dayplus Banana, Dayplus Red Bean, Fruit Tree Yuzu Mixed Juice Drink, Thai Milk Tea, ShoyueMi Spicy Flavoured Snacks, Star Tidbits Mixer, Sunkist Orange Juice Drink, Sunshine Belgium Chocolate Wholemeal Cream Bun]",1,1,1,1,0,0,0,0,0,0,1,0,1,1,1,1,0,0
20200102_123200.jpg,"[Carr's Ginger Lemon Cremes, Dayplus Banana, Dayplus Red Bean, Fruit Tree Yuzu Mixed Juice Drink, Thai Milk Tea, ShoyueMi Spicy Flavoured Snacks, Star Tidbits Mixer, Sunkist Orange Juice Drink, Sunshine Belgium Chocolate Wholemeal Cream Bun]",1,1,1,1,0,0,0,0,0,0,1,0,1,1,1,1,0,0
20200102_123213.jpg,"[Carr's Ginger Lemon Cremes, Dayplus Banana, Dayplus Red Bean, Fruit Tree Yuzu Mixed Juice Drink, Thai Milk Tea, ShoyueMi Spicy Flavoured Snacks, Star Tidbits Mixer, Sunkist Orange Juice Drink, Sunshine Belgium Chocolate Wholemeal Cream Bun]",1,1,1,1,0,0,0,0,0,0,1,0,1,1,1,1,0,0
20200102_123227.jpg,"[Carr's Ginger Lemon Cremes, Dayplus Banana, Dayplus Red Bean, Fruit Tree Yuzu Mixed Juice Drink, Thai Milk Tea, ShoyueMi Spicy Flavoured Snacks, Star Tidbits Mixer, Sunkist Orange Juice Drink, Sunshine Belgium Chocolate Wholemeal Cream Bun]",1,1,1,1,0,0,0,0,0,0,1,0,1,1,1,1,0,0
A1_1.jpg,"[Carr's Ginger Lemon Cremes, Dayplus Banana, Dayplus Red Bean, Fruit Tree Yuzu Mixed Juice Drink, Thai Milk Tea, ShoyueMi Spicy Flavoured Snacks, Star Tidbits Mixer, Sunkist Orange Juice Drink, Sunshine Belgium Chocolate Wholemeal Cream Bun]",1,1,1,1,0,0,0,0,0,0,1,0,1,1,1,1,0,0
A1_2.jpg,"[Carr's Ginger Lemon Cremes, Dayplus Banana, Dayplus Red Bean, Fruit Tree Yuzu Mixed Juice Drink, Thai Milk Tea, ShoyueMi Spicy Flavoured Snacks, Star Tidbits Mixer, Sunkist Orange Juice Drink, Sunshine Belgium Chocolate Wholemeal Cream Bun]",1,1,1,1,0,0,0,0,0,0,1,0,1,1,1,1,0,0
A1_3.jpg,"[Carr's Ginger Lemon Cremes, Dayplus Banana, Dayplus Red Bean, Fruit Tree Yuzu Mixed Juice Drink, Thai Milk Tea, ShoyueMi Spicy Flavoured Snacks, Star Tidbits Mixer, Sunkist Orange Juice Drink, Sunshine Belgium Chocolate Wholemeal Cream Bun]",1,1,1,1,0,0,0,0,0,0,1,0,1,1,1,1,0,0
20200102_123305.jpg,"[Marigold Peel Fresh Pink Guava Juice Drink, Mcvitie_s Digestive, McVitie's Ginger Cookies, McVitie's Wholewheat Marie, Mocha, Pringles Original, Star Tidbits O Ring, Star Tidbits Mixer, Tinges Roll Chocolate, Tinges Roll Sweet Corn]",0,0,0,0,1,1,1,1,1,1,0,1,1,0,0,0,1,1
20200102_123314.jpg,"[Marigold Peel Fresh Pink Guava Juice Drink, Mcvitie_s Digestive, McVitie's Ginger Cookies, McVitie's Wholewheat Marie, Mocha, Pringles Original, Star Tidbits O Ring, Star Tidbits Mixer, Tinges Roll Chocolate, Tinges Roll Sweet Corn]",0,0,0,0,1,1,1,1,1,1,0,1,1,0,0,0,1,1
20200102_123331.jpg,"[Marigold Peel Fresh Pink Guava Juice Drink, Mcvitie_s Digestive, McVitie's Ginger Cookies, McVitie's Wholewheat Marie, Mocha, Pringles Original, Star Tidbits O Ring, Star Tidbits Mixer, Tinges Roll Chocolate, Tinges Roll Sweet Corn]",0,0,0,0,1,1,1,1,1,1,0,1,1,0,0,0,1,1
20200102_123346.jpg,"[Marigold Peel Fresh Pink Guava Juice Drink, Mcvitie_s Digestive, McVitie's Ginger Cookies, McVitie's Wholewheat Marie, Mocha, Pringles Original, Star Tidbits O Ring, Star Tidbits Mixer, Tinges Roll Chocolate, Tinges Roll Sweet Corn]",0,0,0,0,1,1,1,1,1,1,0,1,1,0,0,0,1,1
20200102_123357.jpg,"[Marigold Peel Fresh Pink Guava Juice Drink, Mcvitie_s Digestive, McVitie's Ginger Cookies, McVitie's Wholewheat Marie, Mocha, Pringles Original, Star Tidbits O Ring, Star Tidbits Mixer, Tinges Roll Chocolate, Tinges Roll Sweet Corn]",0,0,0,0,1,1,1,1,1,1,0,1,1,0,0,0,1,1
20200102_123414.jpg,"[Marigold Peel Fresh Pink Guava Juice Drink, Mcvitie_s Digestive, McVitie's Ginger Cookies, McVitie's Wholewheat Marie, Mocha, Pringles Original, Star Tidbits O Ring, Star Tidbits Mixer, Tinges Roll Chocolate, Tinges Roll Sweet Corn]",0,0,0,0,1,1,1,1,1,1,0,1,1,0,0,0,1,1
20200102_123430_002.jpg,"[Marigold Peel Fresh Pink Guava Juice Drink, Mcvitie_s Digestive, McVitie's Ginger Cookies, McVitie's Wholewheat Marie, Mocha, Pringles Original, Star Tidbits O Ring, Star Tidbits Mixer, Tinges Roll Chocolate, Tinges Roll Sweet Corn]",0,0,0,0,1,1,1,1,1,1,0,1,1,0,0,0,1,1
20200102_123435.jpg,"[Marigold Peel Fresh Pink Guava Juice Drink, Mcvitie_s Digestive, McVitie's Ginger Cookies, McVitie's Wholewheat Marie, Mocha, Pringles Original, Star Tidbits O Ring, Star Tidbits Mixer, Tinges Roll Chocolate, Tinges Roll Sweet Corn]",0,0,0,0,1,1,1,1,1,1,0,1,1,0,0,0,1,1
20200102_131947.jpg,"[Star Tidbits Mixer, Tinges Roll Sweetcorn, Sunshine Belgium Chocolate Wholemeal Cream Bun]",0,0,0,0,0,0,0,0,0,0,0,0,1,0,1,0,0,1
20200102_131955.jpg,"[Star Tidbits Mixer, Tinges Roll Sweetcorn, Sunshine Belgium Chocolate Wholemeal Cream Bun]",0,0,0,0,0,0,0,0,0,0,0,0,1,0,1,0,0,1
20200102_131956_085.jpg,"[Star Tidbits Mixer, Tinges Roll Sweetcorn, Sunshine Belgium Chocolate Wholemeal Cream Bun]",0,0,0,0,0,0,0,0,0,0,0,0,1,0,1,0,0,1
20200102_132008.jpg,"[Star Tidbits Mixer, Tinges Roll Sweetcorn, Sunshine Belgium Chocolate Wholemeal Cream Bun]",0,0,0,0,0,0,0,0,0,0,0,0,1,0,1,0,0,1
20200102_132012.jpg,"[Star Tidbits Mixer, Tinges Roll Sweetcorn, Sunshine Belgium Chocolate Wholemeal Cream Bun]",0,0,0,0,0,0,0,0,0,0,0,0,1,0,1,0,0,1
20200102_132017.jpg,"[Star Tidbits Mixer, Tinges Roll Sweetcorn, Sunshine Belgium Chocolate Wholemeal Cream Bun]",0,0,0,0,0,0,0,0,0,0,0,0,1,0,1,0,0,1
20200102_132021.jpg,"[Star Tidbits Mixer, Tinges Roll Sweetcorn, Sunshine Belgium Chocolate Wholemeal Cream Bun]",0,0,0,0,0,0,0,0,0,0,0,0,1,0,1,0,0,1
20200102_132024.jpg,"[Star Tidbits Mixer, Tinges Roll Sweetcorn, Sunshine Belgium Chocolate Wholemeal Cream Bun]",0,0,0,0,0,0,0,0,0,0,0,0,1,0,1,0,0,1
20200102_132029.jpg,"[Star Tidbits Mixer, Tinges Roll Sweetcorn, Sunshine Belgium Chocolate Wholemeal Cream Bun]",0,0,0,0,0,0,0,0,0,0,0,0,1,0,1,0,0,1
20200102_132040.jpg,"[Star Tidbits Mixer, Tinges Roll Sweetcorn, Sunshine Belgium Chocolate Wholemeal Cream Bun]",0,0,0,0,0,0,0,0,0,0,0,0,1,0,1,0,0,1
20200102_132107.jpg,"[Star Tidbits Mixer, Shoyuemi Spicy Flavoured Snack, Star Tidbits 'O' Ring]",0,0,0,0,0,0,0,0,0,0,1,1,1,0,0,0,0,0
20200102_132110.jpg,"[Star Tidbits Mixer, Shoyuemi Spicy Flavoured Snack, Star Tidbits 'O' Ring]",0,0,0,0,0,0,0,0,0,0,1,1,1,0,0,0,0,0
20200102_132113.jpg,"[Star Tidbits Mixer, Shoyuemi Spicy Flavoured Snack, Star Tidbits 'O' Ring]",0,0,0,0,0,0,0,0,0,0,1,1,1,0,0,0,0,0
20200102_132119.jpg,"[Star Tidbits Mixer, Shoyuemi Spicy Flavoured Snack, Star Tidbits 'O' Ring]",0,0,0,0,0,0,0,0,0,0,1,1,1,0,0,0,0,0
20200102_132123.jpg,"[Star Tidbits Mixer, Shoyuemi Spicy Flavoured Snack, Star Tidbits 'O' Ring]",0,0,0,0,0,0,0,0,0,0,1,1,1,0,0,0,0,0
20200102_132127.jpg,"[Star Tidbits Mixer, Shoyuemi Spicy Flavoured Snack, Star Tidbits 'O' Ring]",0,0,0,0,0,0,0,0,0,0,1,1,1,0,0,0,0,0
20200102_132133.jpg,"[Star Tidbits Mixer, Shoyuemi Spicy Flavoured Snack, Star Tidbits 'O' Ring]",0,0,0,0,0,0,0,0,0,0,1,1,1,0,0,0,0,0
20200102_132137.jpg,"[Star Tidbits Mixer, Shoyuemi Spicy Flavoured Snack, Star Tidbits 'O' Ring]",0,0,0,0,0,0,0,0,0,0,1,1,1,0,0,0,0,0
20200102_132145.jpg,"[Star Tidbits Mixer, Shoyuemi Spicy Flavoured Snack, Star Tidbits 'O' Ring]",0,0,0,0,0,0,0,0,0,0,1,1,1,0,0,0,0,0
20200102_132200_001.jpg,"[McVitie's Ginger Cookies, McVitie's Digestive, McVitie's Wholewheat Marie]",0,0,0,0,0,1,1,1,0,0,0,0,0,0,0,0,0,0
20200102_132206.jpg,"[McVitie's Ginger Cookies, McVitie's Digestive, McVitie's Wholewheat Marie]",0,0,0,0,0,1,1,1,0,0,0,0,0,0,0,0,0,0
20200102_132211.jpg,"[McVitie's Ginger Cookies, McVitie's Digestive, McVitie's Wholewheat Marie]",0,0,0,0,0,1,1,1,0,0,0,0,0,0,0,0,0,0
20200102_132215.jpg,"[McVitie's Ginger Cookies, McVitie's Digestive, McVitie's Wholewheat Marie]",0,0,0,0,0,1,1,1,0,0,0,0,0,0,0,0,0,0
20200102_132218.jpg,"[McVitie's Ginger Cookies, McVitie's Digestive, McVitie's Wholewheat Marie]",0,0,0,0,0,1,1,1,0,0,0,0,0,0,0,0,0,0
20200102_132237.jpg,"[Carr's Ginger Lemon Cremes, Pringles Original, Dayplus Red Bean]",1,0,1,0,0,0,0,0,0,1,0,0,0,0,0,0,0,0
20200102_132240.jpg,"[Carr's Ginger Lemon Cremes, Pringles Original, Dayplus Red Bean]",1,0,1,0,0,0,0,0,0,1,0,0,0,0,0,0,0,0
20200102_132245.jpg,"[Carr's Ginger Lemon Cremes, Pringles Original, Dayplus Red Bean]",1,0,1,0,0,0,0,0,0,1,0,0,0,0,0,0,0,0
20200102_132249.jpg,"[Carr's Ginger Lemon Cremes, Pringles Original, Dayplus Red Bean]",1,0,1,0,0,0,0,0,0,1,0,0,0,0,0,0,0,0
20200102_132253.jpg,"[Carr's Ginger Lemon Cremes, Pringles Original, Dayplus Red Bean]",1,0,1,0,0,0,0,0,0,1,0,0,0,0,0,0,0,0
20200102_132258.jpg,"[Carr's Ginger Lemon Cremes, Pringles Original, Dayplus Red Bean]",1,0,1,0,0,0,0,0,0,1,0,0,0,0,0,0,0,0
20200102_132314.jpg,"[Tinges Roll Chocolate, Dayplus Banana]",0,1,0,0,0,0,0,0,0,0,0,0,0,0,0,0,1,0
20200102_132318.jpg,"[Tinges Roll Chocolate, Dayplus Banana]",0,1,0,0,0,0,0,0,0,0,0,0,0,0,0,0,1,0
20200102_132322.jpg,"[Tinges Roll Chocolate, Dayplus Banana]",0,1,0,0,0,0,0,0,0,0,0,0,0,0,0,0,1,0
20200102_132325.jpg,"[Tinges Roll Chocolate, Dayplus Banana]",0,1,0,0,0,0,0,0,0,0,0,0,0,0,0,0,1,0
20200102_132328.jpg,"[Tinges Roll Chocolate, Dayplus Banana]",0,1,0,0,0,0,0,0,0,0,0,0,0,0,0,0,1,0
20200102_132331.jpg,"[Tinges Roll Chocolate, Dayplus Banana]",0,1,0,0,0,0,0,0,0,0,0,0,0,0,0,0,1,0
20200102_132403.jpg,"[Star Tidbits Mixer, Star Tidbits 'O' Ring, Tinges Roll Chocolate, Carr's Ginger Lemon Cremes]",1,0,0,0,0,0,0,0,0,0,0,1,1,0,0,0,1,0
20200102_132410.jpg,"[Star Tidbits Mixer, Star Tidbits 'O' Ring, Tinges Roll Chocolate, Carr's Ginger Lemon Cremes]",1,0,0,0,0,0,0,0,0,0,0,1,1,0,0,0,1,0
20200102_132420.jpg,"[Star Tidbits Mixer, Star Tidbits 'O' Ring, Tinges Roll Chocolate, Carr's Ginger Lemon Cremes]",1,0,0,0,0,0,0,0,0,0,0,1,1,0,0,0,1,0
20200102_132430.jpg,"[Star Tidbits Mixer, Star Tidbits 'O' Ring, Tinges Roll Chocolate, Carr's Ginger Lemon Cremes]",1,0,0,0,0,0,0,0,0,0,0,1,1,0,0,0,1,0
20200102_132448.jpg,"[Star Tidbits Mixer, Star Tidbits 'O' Ring, Tinges Roll Chocolate, Carr's Ginger Lemon Cremes]",1,0,0,0,0,0,0,0,0,0,0,1,1,0,0,0,1,0
20200102_132943.jpg,"[McVitie's Wholewheat Marie, Dayplus Banana, Mocha, Sunshine Belgium Chocolate Wholemeal Cream Bun, Pringles Original, Fruit Tree Yuzu Mixed Juice Drink]",0,1,0,1,0,0,0,1,1,1,0,0,0,0,1,0,0,0
20200102_132951.jpg,"[McVitie's Wholewheat Marie, Dayplus Banana, Mocha, Sunshine Belgium Chocolate Wholemeal Cream Bun, Pringles Original, Fruit Tree Yuzu Mixed Juice Drink]",0,1,0,1,0,0,0,1,1,1,0,0,0,0,1,0,0,0
20200102_133000.jpg,"[McVitie's Wholewheat Marie, Dayplus Banana, Mocha, Sunshine Belgium Chocolate Wholemeal Cream Bun, Pringles Original, Fruit Tree Yuzu Mixed Juice Drink]",0,1,0,1,0,0,0,1,1,1,0,0,0,0,1,0,0,0
20200102_133009.jpg,"[McVitie's Wholewheat Marie, Dayplus Banana, Mocha, Sunshine Belgium Chocolate Wholemeal Cream Bun, Pringles Original, Fruit Tree Yuzu Mixed Juice Drink]",0,1,0,1,0,0,0,1,1,1,0,0,0,0,1,0,0,0
20200102_133016.jpg,"[McVitie's Wholewheat Marie, Dayplus Banana, Mocha, Sunshine Belgium Chocolate Wholemeal Cream Bun, Pringles Original, Fruit Tree Yuzu Mixed Juice Drink]",0,1,0,1,0,0,0,1,1,1,0,0,0,0,1,0,0,0
20200102_133024.jpg,"[McVitie's Wholewheat Marie, Dayplus Banana, Mocha, Sunshine Belgium Chocolate Wholemeal Cream Bun, Pringles Original, Fruit Tree Yuzu Mixed Juice Drink]",0,1,0,1,0,0,0,1,1,1,0,0,0,0,1,0,0,0